cod_producto,producto,lineas_factura,cantidad_comprada,costo_unitario_factura,costo_factura,stock_actual,valor_stock_a_costo_factura,unidades_vendidas_desde,ventas_desde,facturas_venta_desde,dias_con_venta_desde,primera_venta_desde,ultima_venta_desde,dias_hasta_primera_venta,dias_sin_venta,unidades_30d,unidades_90d,unidades_365d,ventas_365d,sell_through_aparente,banda_sell_through,remanente_minimo_unidades,remanente_minimo_costo,unidades_compradas_despues,documentos_compra_despues,ultima_compra_despues,precio_venta_actual,ingreso_cohorte_estimado,utilidad_bruta_cohorte_estimada,margen_cohorte_estimado,estado_auditoria
ARB - 0411694,ARBOL LEVA ECO / SPLENDON / AC 100 SLEEK / C90 SYR,1,2.0,223000.0,446000.0,1.0,223000.0,1.0,45000.0,1,1,2025-06-03 08:55:48,2025-06-03 08:55:48,310.7,464.0,0.0,0.0,0.0,0.0,0.5,50-79%,1.0,223000.0,0.0,0,,372000.0,45000.0,-178000.0,-3.9555555555555557,"Con stock, sin ventas 365d"
MOTS1297,ACEITE CASTROS 20 W 50,1,15.0,21046.0,315690.0,125.0,2630750.0,1129.0,30490400.0,931,507,2024-07-28 14:56:08,2026-09-10 08:35:50,1.0,0.0,24.0,77.0,375.0,10195000.0,1.0,100%,0.0,0.0,1240.0,78,2026-07-29,29000.0,405098.31709477416,89408.31709477416,0.2207076981607326,Compra absorbida; stock repuesto
DIR - 017,DIRECCIONAL BWS DEL HUMO UND,1,3.0,78000.0,234000.0,2.0,156000.0,3.0,39000.0,3,3,2024-08-15 14:47:33,2024-12-26 12:23:53,19.0,623.0,0.0,0.0,0.0,0.0,1.0,100%,0.0,0.0,2.0,1,2024-08-01,13000.0,39000.0,-195000.0,-5.0,"Con stock, sin ventas 365d"
MOTS1097,RETEN 16-28-7,1,10.0,15000.0,150000.0,10.0,150000.0,0.0,0.0,0,0,,,,,0.0,0.0,0.0,0.0,0.0,0%,10.0,150000.0,0.0,0,,25000.0,0.0,0.0,,Sin ventas desde compra
BOM - 069,BOMBILLO BAYHONETA LED,1,49.0,2500.0,122500.0,20.0,50000.0,30.0,126900.0,29,26,2024-08-23 15:33:36,2025-09-20 09:28:48,27.0,355.0,0.0,0.0,1.0,4500.0,0.6122448979591837,50-79%,19.0,47500.0,2.0,2,2025-08-28,4500.0,126900.0,51900.0,0.408983451536643,Rotación media
MOTS1302,KIT EMPAQUE COMPLETO CBF 125 HONDA,1,5.0,23500.0,117500.0,5.0,117500.0,0.0,0.0,0,0,,,,,0.0,0.0,0.0,0.0,0.0,0%,5.0,117500.0,0.0,0,,39500.0,0.0,0.0,,Sin ventas desde compra
MOTS1015,HIDRAULICO AW 68 1/4 GALON POTENSOIL,1,11.0,9500.0,104500.0,1.0,9500.0,11.0,173000.0,11,11,2024-07-28 11:42:28,2024-10-09 15:25:01,0.8,701.0,0.0,0.0,0.0,0.0,1.0,100%,0.0,0.0,1.0,1,2024-09-27,16000.0,173000.0,68500.0,0.3959537572254335,"Con stock, sin ventas 365d"
MOTS1013,VALVULINA 140 1/4 GALON LUGRAXOIL,1,9.0,10500.0,94500.0,0.0,0.0,9.0,127000.0,8,8,2024-07-31 14:37:40,2025-10-23 16:53:35,4.0,322.0,0.0,0.0,2.0,30000.0,1.0,100%,0.0,0.0,0.0,0,,15000.0,127000.0,32500.0,0.2559055118110236,Sin stock actual
43689,CILINDRO KIT FZ,1,1.0,93250.0,93250.0,2.0,186500.0,2.0,285000.0,2,2,2025-03-20 16:04:34,2026-07-23 10:46:17,236.0,49.0,0.0,1.0,1.0,145000.0,1.0,100%,0.0,0.0,3.0,2,2025-07-10,157000.0,142500.0,49250.0,0.3456140350877193,Compra absorbida; stock repuesto
2120,BUJIA D8EA NGK,1,16.0,5800.0,92800.0,1.0,5800.0,16.0,160000.0,14,13,2024-08-07 14:04:48,2025-08-05 11:41:08,10.9,401.0,0.0,0.0,0.0,0.0,1.0,100%,0.0,0.0,1.0,1,2025-02-28,10000.0,160000.0,67200.0,0.42,"Con stock, sin ventas 365d"
MOTS1016,ACEITE MOBIL 20W-50 PREMIUM 4T MOBIL SUPER,1,4.0,23000.0,92000.0,1.0,23000.0,4.0,109000.0,4,4,2024-07-31 14:37:40,2024-08-07 10:13:35,4.0,764.0,0.0,0.0,0.0,0.0,1.0,100%,0.0,0.0,1.0,1,2025-02-12,30000.0,109000.0,17000.0,0.1559633027522936,"Con stock, sin ventas 365d"
HDR - C01,HORQUILLAS ECO DELUXE HERO,1,5.0,18000.0,90000.0,1.0,18000.0,4.0,110000.0,4,4,2024-09-05 08:48:47,2024-11-02 08:14:23,39.7,677.0,0.0,0.0,0.0,0.0,0.8,80-99%,1.0,18000.0,0.0,0,,25000.0,110000.0,38000.0,0.34545454545454546,"Con stock, sin ventas 365d"
MOTS1029,TENSORES CADENA VARIOS,1,45.0,2000.0,90000.0,25.0,50000.0,20.0,62500.0,18,17,2024-11-10 10:19:11,2025-09-22 12:30:33,105.8,353.0,0.0,0.0,1.0,3500.0,0.4444444444444444,1-49%,25.0,50000.0,0.0,0,,3500.0,62500.0,22500.0,0.36,Rotación baja
408772,"NEUMATICO 2,75/300-18 2BR MOTOR",1,9.0,9500.0,85500.0,0.0,0.0,9.0,138000.0,9,9,2024-07-31 09:40:59,2024-10-07 17:37:07,3.8,703.0,0.0,0.0,0.0,0.0,1.0,100%,0.0,0.0,0.0,0,,16000.0,138000.0,52500.0,0.3804347826086957,Sin stock actual
MOTS1201,SPROKER Y PIÑON PULSAR 80 UND 520 - 39T/14T RODAMAIS,1,3.0,25000.0,75000.0,3.0,75000.0,0.0,0.0,0,0,,,,,0.0,0.0,0.0,0.0,0.0,0%,3.0,75000.0,0.0,0,,42000.0,0.0,0.0,,Sin ventas desde compra
FG3020,GUAYA ACELERADOR CON RETORNO XT2 125 QUALITY,1,4.0,18000.0,72000.0,0.0,0.0,4.0,110000.0,4,4,2024-09-22 10:18:17,2025-11-20 12:21:16,56.8,294.0,0.0,0.0,1.0,30000.0,1.0,100%,0.0,0.0,0.0,0,,30000.0,110000.0,38000.0,0.34545454545454546,Sin stock actual
MOTS1176,MANIGUETA DER GN 125 / 65 125,1,6.0,12000.0,72000.0,6.0,72000.0,0.0,0.0,0,0,,,,,0.0,0.0,0.0,0.0,0.0,0%,6.0,72000.0,0.0,0,,20000.0,0.0,0.0,,Sin ventas desde compra
MOTS1086,RETEN 32-43-12-5,1,17.0,4000.0,68000.0,15.0,60000.0,2.0,14000.0,1,1,2025-02-23 10:13:14,2025-02-23 10:13:14,210.8,564.0,0.0,0.0,0.0,0.0,0.11764705882352941,1-49%,15.0,60000.0,0.0,0,,7000.0,14000.0,6000.0,0.42857142857142855,"Con stock, sin ventas 365d"
16955,KIT EMPAQUE COMPLETO PULSAR 200 NS MOTOTEE,1,3.0,22500.0,67500.0,3.0,67500.0,0.0,0.0,0,0,,,,,0.0,0.0,0.0,0.0,0.0,0%,3.0,67500.0,0.0,0,,37500.0,0.0,0.0,,Sin ventas desde compra
MOTS1246,BOBINA ALTA ECO DELUXE HERO,1,4.0,16000.0,64000.0,0.0,0.0,4.0,97000.0,3,3,2025-01-21 10:45:08,2025-07-01 17:20:10,177.8,436.0,0.0,0.0,0.0,0.0,1.0,100%,0.0,0.0,0.0,0,,27000.0,97000.0,33000.0,0.3402061855670103,Sin stock actual
902263,MANIGUETA DER CA 100 SPLENDOR JAPAN,2,10.0,6300.0,63000.0,3.0,18900.0,10.0,102500.0,10,10,2024-08-16 15:12:37,2025-03-28 17:26:23,20.0,531.0,0.0,0.0,0.0,0.0,1.0,100%,0.0,0.0,3.0,3,2025-03-06,9500.0,102500.0,39500.0,0.3853658536585366,"Con stock, sin ventas 365d"
MOTS1023,RUM COMPLETO NEGRO NIP POW,1,9.0,6800.0,61200.0,3.0,20400.0,9.0,98000.0,9,9,2024-08-02 10:54:24,2025-04-28 14:24:05,5.8,500.0,0.0,0.0,0.0,0.0,1.0,100%,0.0,0.0,3.0,3,2025-04-27,11500.0,98000.0,36800.0,0.37551020408163266,"Con stock, sin ventas 365d"
MOTS1286,VALVULAS BWS UNI VITRI,1,4.0,15125.0,60500.0,2.0,30250.0,2.0,45000.0,1,1,2024-11-05 12:44:37,2024-11-05 12:44:37,100.9,674.0,0.0,0.0,0.0,0.0,0.5,50-79%,2.0,30250.0,0.0,0,,25500.0,45000.0,14750.0,0.3277777777777778,"Con stock, sin ventas 365d"
MOTS1213,BANDA FRENO TRA  ECO DELUXE CROWN,1,5.0,12000.0,60000.0,1.0,12000.0,5.0,87000.0,5,5,2024-10-03 08:42:58,2025-09-01 13:32:24,67.7,374.0,0.0,0.0,0.0,0.0,1.0,100%,0.0,0.0,1.0,1,2025-04-11,16000.0,87000.0,27000.0,0.3103448275862069,"Con stock, sin ventas 365d"
MOTS1303,EMPAQUE TAPA CLUCTH CB 110 EMP AMERICA,1,5.0,12000.0,60000.0,4.0,48000.0,1.0,5000.0,1,1,2025-01-28 10:10:00,2025-01-28 10:10:00,184.8,590.0,0.0,0.0,0.0,0.0,0.2,1-49%,4.0,48000.0,0.0,0,,20000.0,5000.0,-7000.0,-1.4,"Con stock, sin ventas 365d"
MOTS1065,RETEN 20-40-8,1,19.0,3000.0,57000.0,19.0,57000.0,0.0,0.0,0,0,,,,,0.0,0.0,0.0,0.0,0.0,0%,19.0,57000.0,0.0,0,,5000.0,0.0,0.0,,Sin ventas desde compra
MOTS1197,SPROKER Y PIÑON CB 110,1,2.0,28000.0,56000.0,2.0,56000.0,0.0,0.0,0,0,,,,,0.0,0.0,0.0,0.0,0.0,0%,2.0,56000.0,0.0,0,,35000.0,0.0,0.0,,Sin ventas desde compra
619142,KIT MEDIO EMPAQUE PULSAR 200 NS GPP,1,6.0,9000.0,54000.0,5.0,45000.0,1.0,12000.0,1,1,2024-12-26 15:10:21,2024-12-26 15:10:21,152.0,623.0,0.0,0.0,0.0,0.0,0.16666666666666666,1-49%,5.0,45000.0,0.0,0,,15000.0,12000.0,3000.0,0.25,"Con stock, sin ventas 365d"
902928,MANIGUETA IZQ BWS 100 CROMADA JAPAN,1,6.0,9000.0,54000.0,2.0,18000.0,5.0,64000.0,5,5,2024-08-26 08:25:15,2025-10-16 14:13:34,29.7,329.0,0.0,0.0,1.0,12000.0,0.8333333333333334,80-99%,1.0,9000.0,1.0,1,2025-08-06,15000.0,64000.0,19000.0,0.296875,Rotación media
MOTS1243,BALINERA 6304 C3 KOYO,1,4.0,13500.0,54000.0,9.0,121500.0,4.0,101000.0,3,3,2024-09-13 13:59:19,2025-01-13 18:05:38,47.9,605.0,0.0,0.0,0.0,0.0,1.0,100%,0.0,0.0,9.0,5,2025-01-10,28000.0,101000.0,47000.0,0.46534653465346537,"Con stock, sin ventas 365d"
BAL - 052,BALANCIN ECO HERO,1,2.0,26800.0,53600.0,2.0,53600.0,2.0,87000.0,2,2,2024-11-21 16:02:04,2025-10-04 12:25:25,117.0,341.0,0.0,0.0,1.0,45000.0,1.0,100%,0.0,0.0,2.0,2,2025-10-04,45000.0,87000.0,33400.0,0.3839080459770115,Compra absorbida; stock repuesto
MOTS1245,TORNILLO PORTA BANDA UNIVERSAL,1,41.0,1300.0,53300.0,29.0,37700.0,13.0,32500.0,10,9,2024-08-06 15:20:43,2026-01-16 17:11:42,10.0,237.0,0.0,0.0,1.0,2500.0,0.3170731707317073,1-49%,28.0,36400.0,1.0,1,2025-07-01,2500.0,32500.0,15600.0,0.48,Rotación baja
06-108,COMANDO DERECHO BWS 125 YAMAHA,1,2.0,26000.0,52000.0,0.0,0.0,2.0,80000.0,2,2,2024-08-05 17:36:11,2024-09-15 08:46:41,9.1,725.0,0.0,0.0,0.0,0.0,1.0,100%,0.0,0.0,0.0,0,,40000.0,80000.0,28000.0,0.35,Sin stock actual
D121,RESTAURADOR PARTES NEGRAS BOWY,1,4.0,12800.0,51200.0,0.0,0.0,4.0,82500.0,3,3,2024-07-29 15:50:21,2024-09-21 16:50:29,2.0,719.0,0.0,0.0,0.0,0.0,1.0,100%,0.0,0.0,0.0,0,,21500.0,82500.0,31300.0,0.3793939393939394,Sin stock actual
D283,LIQUIDO FRENO DOT 3 ISIN,1,10.0,5100.0,51000.0,0.0,0.0,10.0,85000.0,10,8,2024-07-27 16:36:09,2024-08-25 10:39:53,0.0,746.0,0.0,0.0,0.0,0.0,1.0,100%,0.0,0.0,0.0,0,,8500.0,85000.0,34000.0,0.4,Sin stock actual
MOTS1173,LLAVE GASOLINA EPLENDOR GENINE PARTE,1,3.0,16500.0,49500.0,0.0,0.0,3.0,74500.0,3,3,2024-11-12 09:09:47,2025-02-01 19:40:32,107.7,586.0,0.0,0.0,0.0,0.0,1.0,100%,0.0,0.0,0.0,0,,27500.0,74500.0,25000.0,0.33557046979865773,Sin stock actual
203259,GUAYA ACELERADOR FZ 16 MN EVERESTT,1,7.0,7000.0,49000.0,3.0,21000.0,5.0,60000.0,4,4,2024-12-07 11:01:18,2025-06-03 12:53:07,132.8,464.0,0.0,0.0,0.0,0.0,0.7142857142857143,50-79%,2.0,14000.0,1.0,1,2026-03-26,12000.0,60000.0,25000.0,0.4166666666666667,"Con stock, sin ventas 365d"
MOTS1309,BOMBILLO DIRECCIONAL 12 V LED WHITE VARIOS QUALITY,1,14.0,3500.0,49000.0,10.0,35000.0,4.0,20000.0,1,1,2024-09-23 14:34:23,2024-09-23 14:34:23,58.0,717.0,0.0,0.0,0.0,0.0,0.2857142857142857,1-49%,10.0,35000.0,0.0,0,,6000.0,20000.0,6000.0,0.3,"Con stock, sin ventas 365d"
CAD-034,CADENILLA PULSAR X98 APRIL,1,4.0,12000.0,48000.0,2.0,24000.0,3.0,60000.0,3,3,2024-11-02 12:42:55,2025-10-06 09:09:25,97.9,339.0,0.0,0.0,1.0,20000.0,0.75,50-79%,1.0,12000.0,1.0,1,2025-08-25,20000.0,60000.0,24000.0,0.4,Rotación media
MOTS1414,CUNA DE DIRECCION PULSAR 200,1,3.0,16000.0,48000.0,3.0,48000.0,0.0,0.0,0,0,,,,,0.0,0.0,0.0,0.0,0.0,0%,3.0,48000.0,0.0,0,,32000.0,0.0,0.0,,Sin ventas desde compra
48965,"NEUMATICO 2,75/300-17 REEPARTS",1,5.0,9400.0,47000.0,7.0,65800.0,15.0,225000.0,13,13,2024-07-30 09:36:06,2026-06-11 12:08:20,2.7,91.0,0.0,0.0,9.0,138000.0,1.0,100%,0.0,0.0,17.0,3,2026-01-31,16500.0,75000.0,28000.0,0.37333333333333335,Compra absorbida; stock repuesto
A131A3,KIT XT2 125 GPP,1,6.0,7500.0,45000.0,6.0,45000.0,0.0,0.0,0,0,,,,,0.0,0.0,0.0,0.0,0.0,0%,6.0,45000.0,0.0,0,,12500.0,0.0,0.0,,Sin ventas desde compra
MOTS1214,BANDA FRENO TRA  ECO HONDA CD 100 ECO RODAMAIS,1,4.0,11200.0,44800.0,2.0,22400.0,2.0,29000.0,2,2,2026-04-10 17:32:21,2026-09-03 09:31:16,622.1,7.0,1.0,1.0,2.0,29000.0,0.5,50-79%,2.0,22400.0,0.0,0,,15000.0,29000.0,6600.0,0.22758620689655173,Rotación media
BAZ - 310,GUAYA CLUCTH PULSAR 200 NS 2013 / FI NS 2019 SUPRA PARTS,1,4.0,11000.0,44000.0,1.0,11000.0,3.0,52000.0,3,3,2024-08-26 08:13:40,2026-02-26 15:28:46,29.7,196.0,0.0,0.0,1.0,15000.0,0.75,50-79%,1.0,11000.0,0.0,0,,18000.0,52000.0,19000.0,0.36538461538461536,Rotación media
MOTS1198,KIT ARRASTRE XT2 125 14 - 50T 428 HX 132,1,1.0,44000.0,44000.0,0.0,0.0,1.0,70000.0,1,1,2025-01-15 17:01:47,2025-01-15 17:01:47,172.1,603.0,0.0,0.0,0.0,0.0,1.0,100%,0.0,0.0,0.0,0,,74000.0,70000.0,26000.0,0.37142857142857144,Sin stock actual
43979,MANUBRIO XTZ 125,1,2.0,21550.0,43100.0,0.0,0.0,9.0,368000.0,9,9,2024-09-17 12:25:28,2026-08-20 17:20:12,51.9,21.0,1.0,2.0,4.0,189000.0,1.0,100%,0.0,0.0,7.0,4,2026-05-28,49800.0,81777.77777777778,38677.77777777778,0.47296195652173917,Sin stock actual
MOTS1415,KIT 1/2 PULSAR 135,1,5.0,8500.0,42500.0,5.0,42500.0,0.0,0.0,0,0,,,,,0.0,0.0,0.0,0.0,0.0,0%,5.0,42500.0,0.0,0,,18000.0,0.0,0.0,,Sin ventas desde compra
COR - 089,CORREA TRASMISION BWS 125 YAMAHA,1,1.0,42000.0,42000.0,0.0,0.0,1.0,70000.0,1,1,2024-09-16 15:43:51,2024-09-16 15:43:51,51.0,724.0,0.0,0.0,0.0,0.0,1.0,100%,0.0,0.0,0.0,0,,70000.0,70000.0,28000.0,0.4,Sin stock actual
KIT - 01C8150,KIT ARRASTRE CB 110 428 H - 120 L 42T 6 PP,1,1.0,42000.0,42000.0,1.0,42000.0,0.0,0.0,0,0,,,,,0.0,0.0,0.0,0.0,0.0,0%,1.0,42000.0,0.0,0,,70000.0,0.0,0.0,,Sin ventas desde compra
MOTS1038,RETEN 20-38-5,1,21.0,2000.0,42000.0,15.0,30000.0,16.0,51500.0,15,14,2024-09-30 14:40:38,2026-08-17 10:22:10,65.0,24.0,1.0,1.0,9.0,29500.0,0.7619047619047619,50-79%,5.0,10000.0,10.0,1,2026-07-03,3500.0,51500.0,19500.0,0.3786407766990291,Rotación media
MOTS1180,MANIGUETA DER XT2 125 NARITA,1,6.0,7000.0,42000.0,2.0,14000.0,5.0,57000.0,5,5,2024-08-16 16:53:15,2026-03-23 11:47:32,20.1,171.0,0.0,0.0,1.0,12000.0,0.8333333333333334,80-99%,1.0,7000.0,1.0,1,2025-04-25,12000.0,57000.0,22000.0,0.38596491228070173,Rotación media
PIN - 073,PIÑON SEGUNDA ECO DELUXE HERO,1,3.0,14000.0,42000.0,2.0,28000.0,3.0,66000.0,3,3,2024-12-23 09:28:54,2025-02-15 11:05:33,148.7,572.0,0.0,0.0,0.0,0.0,1.0,100%,0.0,0.0,2.0,2,2025-04-14,23500.0,66000.0,24000.0,0.36363636363636365,"Con stock, sin ventas 365d"
D172,SILICONA PROTECTOR SIEMPRE NUEVO SIMONIZ,1,5.0,8000.0,40000.0,0.0,0.0,5.0,70000.0,5,5,2024-07-28 13:01:47,2025-02-23 09:32:39,0.9,564.0,0.0,0.0,0.0,0.0,1.0,100%,0.0,0.0,0.0,0,,14000.0,70000.0,30000.0,0.42857142857142855,Sin stock actual
MOTS1075,RETEN 16-26-7,1,10.0,4000.0,40000.0,8.0,32000.0,2.0,11000.0,2,2,2025-01-30 11:49:16,2025-02-23 09:11:44,186.8,564.0,0.0,0.0,0.0,0.0,0.2,1-49%,8.0,32000.0,0.0,0,,7000.0,11000.0,3000.0,0.2727272727272727,"Con stock, sin ventas 365d"
MOTS1217,GUIA DE VALVULA ECO DELUXE HERO,1,5.0,8000.0,40000.0,4.0,32000.0,1.0,12000.0,1,1,2025-02-18 11:12:35,2025-02-18 11:12:35,205.8,569.0,0.0,0.0,0.0,0.0,0.2,1-49%,4.0,32000.0,0.0,0,,13500.0,12000.0,4000.0,0.3333333333333333,"Con stock, sin ventas 365d"
CAB - 061080,COMANDO IZQ 125 BWS YAMAHA,1,1.0,39000.0,39000.0,1.0,39000.0,2.0,105000.0,2,2,2024-08-05 17:36:11,2024-10-16 18:02:50,9.1,694.0,0.0,0.0,0.0,0.0,1.0,100%,0.0,0.0,2.0,2,2025-01-13,45000.0,52500.0,13500.0,0.2571428571428571,"Con stock, sin ventas 365d"
MOTS1091,RETEN 12-22-5,1,39.0,1000.0,39000.0,38.0,38000.0,1.0,2000.0,1,1,2025-09-16 10:26:11,2025-09-16 10:26:11,415.8,359.0,0.0,0.0,1.0,2000.0,0.02564102564102564,1-49%,38.0,38000.0,0.0,0,,2000.0,2000.0,1000.0,0.5,Rotación baja
BAL - 01908,BALINERA 6301 ZZCM KOYO,1,8.0,4800.0,38400.0,7.0,33600.0,8.0,74000.0,5,4,2024-08-05 17:36:11,2024-08-27 15:34:40,9.1,744.0,0.0,0.0,0.0,0.0,1.0,100%,0.0,0.0,7.0,2,2025-01-16,10500.0,74000.0,35600.0,0.4810810810810811,"Con stock, sin ventas 365d"
COM-148,COMANDO IZQ FZ 16 MOTOTEC,1,2.0,19200.0,38400.0,2.0,38400.0,1.0,30000.0,1,1,2024-10-04 18:34:03,2024-10-04 18:34:03,69.1,706.0,0.0,0.0,0.0,0.0,0.5,50-79%,1.0,19200.0,1.0,1,2026-03-26,32000.0,30000.0,10800.0,0.36,"Con stock, sin ventas 365d"
MOTS1216,CUNAS RX 100-115 / CT 125 - 115 / BR15 YGR 125 RODILLO EVOL,1,3.0,12800.0,38400.0,3.0,38400.0,0.0,0.0,0,0,,,,,0.0,0.0,0.0,0.0,0.0,0%,3.0,38400.0,0.0,0,,21500.0,0.0,0.0,,Sin ventas desde compra
MOTS1145,DIRECCIONAL PULSAR 200NS PAR,1,2.0,19000.0,38000.0,0.0,0.0,2.0,58000.0,2,2,2024-09-17 12:16:38,2025-01-27 15:24:10,51.9,591.0,0.0,0.0,0.0,0.0,1.0,100%,0.0,0.0,0.0,0,,32000.0,58000.0,20000.0,0.3448275862068966,Sin stock actual
X - 656,DIRECCIONAL BWS FI TRA HUMO PAR X MOTOS PRECIO UNID,1,2.0,19000.0,38000.0,0.0,0.0,2.0,50000.0,2,2,2025-03-18 11:56:30,2025-03-27 12:25:45,233.8,532.0,0.0,0.0,0.0,0.0,1.0,100%,0.0,0.0,0.0,0,,25000.0,50000.0,12000.0,0.24,Sin stock actual
GUA - 051304,GUAYA ACELERADOR FZ 2.0 INYECCION No. 1 SYK,1,7.0,5300.0,37100.0,6.0,31800.0,1.0,9000.0,1,1,2026-07-14 14:53:33,2026-07-14 14:53:33,717.0,58.0,0.0,1.0,1.0,9000.0,0.14285714285714285,1-49%,6.0,31800.0,0.0,0,,9000.0,9000.0,3700.0,0.4111111111111111,Rotación baja
DAD - 001,DADOS BWS YAMAHA,1,2.0,18500.0,37000.0,1.0,18500.0,2.0,56000.0,2,2,2024-09-05 13:27:26,2025-04-26 12:26:54,39.9,502.0,0.0,0.0,0.0,0.0,1.0,100%,0.0,0.0,1.0,1,2025-01-14,31000.0,56000.0,19000.0,0.3392857142857143,"Con stock, sin ventas 365d"
MOTS1249,PASTILLAS FRENO PULSAR 135 DEI NIKKO,1,5.0,7300.0,36500.0,0.0,0.0,5.0,65000.0,5,5,2024-08-24 18:41:30,2024-10-04 18:34:03,28.1,706.0,0.0,0.0,0.0,0.0,1.0,100%,0.0,0.0,0.0,0,,12500.0,65000.0,28500.0,0.43846153846153846,Sin stock actual
MOTS1048,RETEN 32-44-8,1,12.0,3000.0,36000.0,12.0,36000.0,0.0,0.0,0,0,,,,,0.0,0.0,0.0,0.0,0.0,0%,12.0,36000.0,0.0,0,,5000.0,0.0,0.0,,Sin ventas desde compra
MOTS1068,RETEN 36-49-11,1,12.0,3000.0,36000.0,12.0,36000.0,0.0,0.0,0,0,,,,,0.0,0.0,0.0,0.0,0.0,0%,12.0,36000.0,0.0,0,,5000.0,0.0,0.0,,Sin ventas desde compra
MOTS1154,CAUCHOS PALANCA CAMBIO SURTIDO,1,24.0,1500.0,36000.0,22.0,33000.0,2.0,4500.0,2,2,2025-01-25 11:38:24,2025-06-01 09:22:53,181.8,466.0,0.0,0.0,0.0,0.0,0.08333333333333333,1-49%,22.0,33000.0,0.0,0,,2500.0,4500.0,1500.0,0.3333333333333333,"Con stock, sin ventas 365d"
MOTS1223,BALINERA 6004 2RS E500,1,9.0,4000.0,36000.0,6.0,24000.0,3.0,21000.0,3,3,2025-08-06 16:00:28,2026-02-06 17:18:38,375.0,216.0,0.0,0.0,2.0,14000.0,0.3333333333333333,1-49%,6.0,24000.0,0.0,0,,7000.0,21000.0,9000.0,0.42857142857142855,Rotación baja
MOTS1285,DISCOS CLUCTH FZ -16 YAMAHA,1,3.0,12000.0,36000.0,1.0,12000.0,2.0,37000.0,2,2,2024-09-16 15:43:51,2024-10-04 18:34:03,51.0,706.0,0.0,0.0,0.0,0.0,0.6666666666666666,50-79%,1.0,12000.0,0.0,0,,20000.0,37000.0,13000.0,0.35135135135135137,"Con stock, sin ventas 365d"
MOTS1287,REPOSA PIE TRAS AX 100 / RX 115 PAR X MOTOS,1,3.0,12000.0,36000.0,0.0,0.0,3.0,50000.0,3,3,2024-08-04 13:16:44,2024-10-28 10:10:49,7.9,682.0,0.0,0.0,0.0,0.0,1.0,100%,0.0,0.0,0.0,0,,20000.0,50000.0,14000.0,0.28,Sin stock actual
AL-002,FILTRO ACEITE PULSAR  135-FZ 16 BARAI,1,9.0,3900.0,35100.0,0.0,0.0,9.0,57000.0,9,8,2024-08-17 10:19:45,2024-12-20 08:33:58,20.8,629.0,0.0,0.0,0.0,0.0,1.0,100%,0.0,0.0,0.0,0,,6500.0,57000.0,21900.0,0.38421052631578945,Sin stock actual
19463,ESPEJOS DISCOVER 150 PAR,1,2.0,17500.0,35000.0,0.0,0.0,2.0,49000.0,2,2,2025-04-14 15:52:05,2025-05-25 09:41:17,261.0,473.0,0.0,0.0,0.0,0.0,1.0,100%,0.0,0.0,0.0,0,,30000.0,49000.0,14000.0,0.2857142857142857,Sin stock actual
ESC - 007,ESCOBILLAS ARRANQUE PULSAR 200 NS,1,5.0,7000.0,35000.0,4.0,28000.0,1.0,10000.0,1,1,2025-01-22 14:36:19,2025-01-22 14:36:19,179.0,596.0,0.0,0.0,0.0,0.0,0.2,1-49%,4.0,28000.0,0.0,0,,12000.0,10000.0,3000.0,0.3,"Con stock, sin ventas 365d"
MOTS1171,CAUCHO MANZANA ECO / 090 / AKT 110 FACTORY,1,5.0,7000.0,35000.0,1.0,7000.0,5.0,57000.0,5,5,2024-08-06 18:47:11,2025-03-20 14:16:25,10.1,539.0,0.0,0.0,0.0,0.0,1.0,100%,0.0,0.0,1.0,1,2025-03-18,12000.0,57000.0,22000.0,0.38596491228070173,"Con stock, sin ventas 365d"
MOTS1181,MANIGUETA DER BUJS 100 JAPAN,1,5.0,7000.0,35000.0,1.0,7000.0,5.0,58000.0,5,5,2025-03-25 16:56:14,2025-08-06 18:26:43,241.1,400.0,0.0,0.0,0.0,0.0,1.0,100%,0.0,0.0,1.0,1,2025-08-06,12000.0,58000.0,23000.0,0.39655172413793105,"Con stock, sin ventas 365d"
5111,BUJIA BP75S NGK,1,6.0,5800.0,34800.0,6.0,34800.0,0.0,0.0,0,0,,,,,0.0,0.0,0.0,0.0,0.0,0%,6.0,34800.0,0.0,0,,10000.0,0.0,0.0,,Sin ventas desde compra
KIT - 043572,KIT EMPAQUE COMPLETO CB 110 / DREAM NEO SYK,1,3.0,11337.0,34011.0,2.0,22674.0,2.0,36000.0,2,2,2024-08-24 12:56:37,2024-10-24 11:48:44,27.9,686.0,0.0,0.0,0.0,0.0,0.6666666666666666,50-79%,1.0,11337.0,1.0,1,2025-01-14,19000.0,36000.0,13326.0,0.37016666666666664,"Con stock, sin ventas 365d"
A171A1,KIT MEDIO YAMAHA BWS 125 4T EMP AMERICA,1,4.0,8500.0,34000.0,2.0,17000.0,3.0,34000.0,3,3,2024-09-22 12:22:50,2024-12-06 16:44:18,56.9,643.0,0.0,0.0,0.0,0.0,0.75,50-79%,1.0,8500.0,1.0,1,2024-08-02,12500.0,34000.0,8500.0,0.25,"Con stock, sin ventas 365d"
CAD-123,CADENILLA BWS 125/AGILITY 125/CBF 150 YAMAHA,1,2.0,17000.0,34000.0,0.0,0.0,2.0,57000.0,2,1,2024-10-06 10:24:33,2024-10-06 11:44:01,70.8,704.0,0.0,0.0,0.0,0.0,1.0,100%,0.0,0.0,0.0,0,,28500.0,57000.0,23000.0,0.40350877192982454,Sin stock actual
BOB - 047791,BOBINA ENCENDIDO ECO / SPLENDOR SYK,1,2.0,16500.0,33000.0,0.0,0.0,2.0,54500.0,2,2,2024-09-15 09:26:23,2024-09-30 10:27:18,49.7,710.0,0.0,0.0,0.0,0.0,1.0,100%,0.0,0.0,0.0,0,,27500.0,54500.0,21500.0,0.3944954128440367,Sin stock actual
MOTS1051,RETEN 27-40-6,1,11.0,3000.0,33000.0,9.0,27000.0,2.0,9000.0,2,2,2024-11-12 14:58:54,2025-09-24 17:52:03,108.0,351.0,0.0,0.0,1.0,5000.0,0.18181818181818182,1-49%,9.0,27000.0,0.0,0,,5000.0,9000.0,3000.0,0.3333333333333333,Rotación baja
MOTS1084,RETEN 17-25-4,1,22.0,1500.0,33000.0,22.0,33000.0,0.0,0.0,0,0,,,,,0.0,0.0,0.0,0.0,0.0,0%,22.0,33000.0,0.0,0,,2500.0,0.0,0.0,,Sin ventas desde compra
MOTS1085,RETEN 27-37-70-5,1,11.0,3000.0,33000.0,2.0,6000.0,11.0,50000.0,7,7,2024-09-27 13:06:31,2025-02-09 12:17:19,61.9,578.0,0.0,0.0,0.0,0.0,1.0,100%,0.0,0.0,2.0,1,2024-09-27,5000.0,49999.99999999999,16999.999999999993,0.3399999999999999,"Con stock, sin ventas 365d"
13266,FAROLA ECO DELUXE AKITA,1,1.0,32500.0,32500.0,1.0,32500.0,1.0,40000.0,1,1,2024-10-29 14:28:05,2024-10-29 14:28:05,93.9,681.0,0.0,0.0,0.0,0.0,1.0,100%,0.0,0.0,1.0,1,2025-03-06,54500.0,40000.0,7500.0,0.1875,"Con stock, sin ventas 365d"
GUA - 049195,GUAYA RETORNO FZ 16 / FAZER 16 MN SYK,1,4.0,8000.0,32000.0,4.0,32000.0,1.0,12000.0,1,1,2026-01-07 15:55:38,2026-01-07 15:55:38,529.0,246.0,0.0,0.0,1.0,12000.0,0.25,1-49%,3.0,24000.0,1.0,1,2025-10-22,13500.0,12000.0,4000.0,0.3333333333333333,Rotación baja
MOTS1040,RETEN 22-35-7,1,16.0,2000.0,32000.0,16.0,32000.0,0.0,0.0,0,0,,,,,0.0,0.0,0.0,0.0,0.0,0%,16.0,32000.0,0.0,0,,3500.0,0.0,0.0,,Sin ventas desde compra
MOTS1112,PATA LATERAL CB110,1,4.0,8000.0,32000.0,2.0,16000.0,2.0,26500.0,2,2,2024-09-02 17:20:30,2025-04-23 14:15:49,37.1,505.0,0.0,0.0,0.0,0.0,0.5,50-79%,2.0,16000.0,0.0,0,,13500.0,26500.0,10500.0,0.39622641509433965,"Con stock, sin ventas 365d"
MOTS1113,PATA LATERAL VARIAS,1,4.0,8000.0,32000.0,3.0,24000.0,2.0,25500.0,2,2,2025-07-10 17:23:52,2025-08-06 18:42:49,348.1,400.0,0.0,0.0,0.0,0.0,0.5,50-79%,2.0,16000.0,1.0,1,2025-07-06,13500.0,25500.0,9500.0,0.37254901960784315,"Con stock, sin ventas 365d"
MOTS1225,BALINERA 6205 C3 KOYO,1,8.0,4000.0,32000.0,4.0,16000.0,8.0,134000.0,5,5,2024-10-20 12:19:01,2025-06-16 12:02:09,84.9,451.0,0.0,0.0,0.0,0.0,1.0,100%,0.0,0.0,4.0,2,2024-11-25,17000.0,134000.0,102000.0,0.7611940298507462,"Con stock, sin ventas 365d"
CAU - 132,CAUCHOS TORQUE DT 125,1,3.0,10600.0,31800.0,2.0,21200.0,1.0,18000.0,1,1,2026-01-11 11:02:30,2026-01-11 11:02:30,532.8,242.0,0.0,0.0,1.0,18000.0,0.3333333333333333,1-49%,2.0,21200.0,0.0,0,,18000.0,18000.0,7400.0,0.4111111111111111,Rotación baja
BAN - 010115,BANDA FRENO TRA ECO DELUXE / SPLENDOR JAPAN,1,3.0,10500.0,31500.0,0.0,0.0,3.0,50500.0,3,3,2024-10-03 09:59:14,2026-02-12 08:35:06,67.8,210.0,0.0,0.0,1.0,16000.0,1.0,100%,0.0,0.0,0.0,0,,17500.0,50500.0,19000.0,0.37623762376237624,Sin stock actual
MOTS1014,HIDRAULICO 150 68 1/4 GALON LUGRAXOIL,1,3.0,10500.0,31500.0,0.0,0.0,3.0,45000.0,3,3,2024-10-21 08:12:08,2025-02-07 15:40:18,85.7,580.0,0.0,0.0,0.0,0.0,1.0,100%,0.0,0.0,0.0,0,,17500.0,45000.0,13500.0,0.3,Sin stock actual
MOTS1192,VARRILLA FRENO TRASERO VARIAS,1,9.0,3500.0,31500.0,8.0,28000.0,1.0,6000.0,1,1,2026-02-12 16:08:41,2026-02-12 16:08:41,565.0,210.0,0.0,0.0,1.0,6000.0,0.1111111111111111,1-49%,8.0,28000.0,0.0,0,,6000.0,6000.0,2500.0,0.4166666666666667,Rotación baja
MOTS1203,CADENA 420 X 104L APM,1,3.0,10500.0,31500.0,1.0,10500.0,2.0,32500.0,2,2,2025-12-17 11:20:28,2026-02-02 13:36:16,507.8,220.0,0.0,0.0,2.0,32500.0,0.6666666666666666,50-79%,1.0,10500.0,0.0,0,,17500.0,32500.0,11500.0,0.35384615384615387,Rotación media
DE0000386,JUEGO TAPAS LATERALES AX AZUL DIFEL,1,2.0,15000.0,30000.0,0.0,0.0,2.0,43000.0,2,2,2025-03-18 15:49:01,2025-07-10 08:53:23,234.0,427.0,0.0,0.0,0.0,0.0,1.0,100%,0.0,0.0,0.0,0,,25000.0,43000.0,13000.0,0.3023255813953488,Sin stock actual
ESC - 061,ESCOBILLAS ARRANQUE XT2 125 YAMAHA,1,5.0,6000.0,30000.0,3.0,18000.0,2.0,20000.0,2,2,2024-07-29 14:43:23,2024-10-03 09:59:14,2.0,707.0,0.0,0.0,0.0,0.0,0.4,1-49%,3.0,18000.0,0.0,0,,10000.0,20000.0,8000.0,0.4,"Con stock, sin ventas 365d"
MOTS1039,RETEN 18-9-30-5,1,20.0,1500.0,30000.0,6.0,9000.0,20.0,48500.0,20,19,2024-11-10 09:43:08,2025-12-13 12:12:11,105.8,271.0,0.0,0.0,1.0,2500.0,1.0,100%,0.0,0.0,6.0,6,2025-10-24,2500.0,48500.0,18500.0,0.38144329896907214,Compra absorbida; stock repuesto
MOTS1053,RETEN 21-40-7,1,10.0,3000.0,30000.0,10.0,30000.0,0.0,0.0,0,0,,,,,0.0,0.0,0.0,0.0,0.0,0%,10.0,30000.0,0.0,0,,5000.0,0.0,0.0,,Sin ventas desde compra
MOTS1063,RETEN 26-36-10-5,1,10.0,3000.0,30000.0,8.0,24000.0,2.0,10000.0,1,1,2024-10-18 14:09:34,2024-10-18 14:09:34,82.9,692.0,0.0,0.0,0.0,0.0,0.2,1-49%,8.0,24000.0,0.0,0,,5000.0,10000.0,4000.0,0.4,"Con stock, sin ventas 365d"
MOTS1067,RETEN 26-37-10-5,1,15.0,2000.0,30000.0,0.0,0.0,17.0,61000.0,10,9,2024-10-10 13:57:23,2025-08-21 09:28:15,74.9,385.0,0.0,0.0,0.0,0.0,1.0,100%,0.0,0.0,2.0,1,2025-04-01,3500.0,53823.5294117647,23823.5294117647,0.44262295081967207,Sin stock actual
MOTS1070,RETEN 30-45-11,1,10.0,3000.0,30000.0,10.0,30000.0,0.0,0.0,0,0,,,,,0.0,0.0,0.0,0.0,0.0,0%,10.0,30000.0,0.0,0,,5000.0,0.0,0.0,,Sin ventas desde compra
MOTS1170,CAUCHO MANZANA CBF 125 DREAM NEO FACTORY,1,5.0,6000.0,30000.0,1.0,6000.0,4.0,38000.0,4,4,2024-09-15 09:26:23,2025-05-09 15:25:26,49.7,489.0,0.0,0.0,0.0,0.0,0.8,80-99%,1.0,6000.0,0.0,0,,10000.0,38000.0,14000.0,0.3684210526315789,"Con stock, sin ventas 365d"
MOTS1204,EJE TIJERA ECO DELUXE 12 X 230 MM BARAI,1,5.0,6000.0,30000.0,0.0,0.0,5.0,50000.0,5,5,2024-10-29 12:57:22,2025-05-09 14:40:35,93.9,489.0,0.0,0.0,0.0,0.0,1.0,100%,0.0,0.0,0.0,0,,10000.0,50000.0,20000.0,0.4,Sin stock actual
MOTS1205,EJE TIJERA ECO SPLENDOR INGE PARTE,1,5.0,6000.0,30000.0,2.0,12000.0,3.0,30000.0,3,3,2025-01-13 12:07:57,2026-01-30 15:01:38,169.9,223.0,0.0,0.0,2.0,20000.0,0.6,50-79%,2.0,12000.0,0.0,0,,10000.0,30000.0,12000.0,0.4,Rotación media
SPR - 051659,SPROKER ECO 100 44T 5YK,1,2.0,15000.0,30000.0,0.0,0.0,2.0,40000.0,2,2,2024-08-03 18:00:07,2024-09-08 12:19:59,7.1,732.0,0.0,0.0,0.0,0.0,1.0,100%,0.0,0.0,0.0,0,,20000.0,40000.0,10000.0,0.25,Sin stock actual
MOTS1105,PIÑON GUIA CADENILLA CB110,1,13.0,2300.0,29900.0,8.0,18400.0,5.0,20000.0,5,5,2024-09-07 17:12:00,2025-11-14 12:31:52,42.1,300.0,0.0,0.0,1.0,4000.0,0.38461538461538464,1-49%,8.0,18400.0,0.0,0,,4000.0,20000.0,8500.0,0.425,Rotación baja
MOTS1251,PASTILLAS FRENO PULSAR 200 NS TRA BAJAS,1,4.0,7300.0,29200.0,0.0,0.0,4.0,72000.0,4,4,2024-09-12 17:22:57,2025-02-04 12:31:32,47.1,583.0,0.0,0.0,0.0,0.0,1.0,100%,0.0,0.0,0.0,0,,18000.0,72000.0,42800.0,0.5944444444444444,Sin stock actual
MOTS1008,FAROLA DT EVOL,1,1.0,29000.0,29000.0,2.0,58000.0,0.0,0.0,0,0,,,,,0.0,0.0,0.0,0.0,0.0,0%,1.0,29000.0,1.0,1,2025-11-22,49000.0,0.0,0.0,,Sin ventas desde compra
PIN - 034,PIÑON TERCERA ECO DELUXE HERO,1,2.0,14500.0,29000.0,1.0,14500.0,2.0,44500.0,2,2,2024-10-22 09:02:06,2024-11-12 09:09:47,86.7,667.0,0.0,0.0,0.0,0.0,1.0,100%,0.0,0.0,1.0,1,2025-04-14,24500.0,44500.0,15500.0,0.34831460674157305,"Con stock, sin ventas 365d"
MOTS1037,RETEN 25-40-8,1,19.0,1500.0,28500.0,13.0,19500.0,6.0,15000.0,6,6,2024-12-29 09:59:59,2026-05-29 11:21:56,154.8,104.0,0.0,0.0,4.0,10500.0,0.3157894736842105,1-49%,13.0,19500.0,0.0,0,,2500.0,15000.0,6000.0,0.4,Rotación baja
MOTS1090,RETEN 15-25-7,1,19.0,1500.0,28500.0,18.0,27000.0,1.0,2500.0,1,1,2025-08-26 08:13:30,2025-08-26 08:13:30,394.7,380.0,0.0,0.0,0.0,0.0,0.05263157894736842,1-49%,18.0,27000.0,0.0,0,,2500.0,2500.0,1000.0,0.4,"Con stock, sin ventas 365d"
CUN - 107,CUNAS DIRECCION ECO  DELUXE BALIN HERO,1,2.0,14200.0,28400.0,1.0,14200.0,2.0,43000.0,2,2,2024-08-22 13:23:04,2024-10-07 12:58:57,25.9,703.0,0.0,0.0,0.0,0.0,1.0,100%,0.0,0.0,1.0,1,2024-08-25,24000.0,43000.0,14600.0,0.3395348837209302,"Con stock, sin ventas 365d"
203281,GUAYA ACELERADOR CB 110 YAHAZURA,1,4.0,7000.0,28000.0,1.0,7000.0,3.0,32000.0,3,3,2024-09-19 08:46:40,2025-07-02 10:18:40,53.7,435.0,0.0,0.0,0.0,0.0,0.75,50-79%,1.0,7000.0,0.0,0,,12000.0,32000.0,11000.0,0.34375,"Con stock, sin ventas 365d"
822204,BUJIA NXR 125 / 130 BROS EVEREST,1,7.0,4000.0,28000.0,6.0,24000.0,1.0,7000.0,1,1,2025-12-23 08:31:05,2025-12-23 08:31:05,513.7,261.0,0.0,0.0,1.0,7000.0,0.14285714285714285,1-49%,6.0,24000.0,0.0,0,,7000.0,7000.0,3000.0,0.42857142857142855,Rotación baja
MOTS1087,RETEN 30-02-10-5 BARAI,1,12.0,2300.0,27600.0,5.0,11500.0,7.0,26000.0,2,2,2024-10-26 09:01:48,2024-11-08 09:37:05,90.7,671.0,0.0,0.0,0.0,0.0,0.5833333333333334,50-79%,5.0,11500.0,0.0,0,,4000.0,26000.0,9900.0,0.38076923076923075,"Con stock, sin ventas 365d"
914224,MANIGUETA DER CB 110 JAPAN,1,5.0,5500.0,27500.0,3.0,16500.0,3.0,28400.0,3,3,2025-04-14 12:45:20,2026-05-16 15:10:18,260.9,117.0,0.0,0.0,1.0,9500.0,0.6,50-79%,2.0,11000.0,1.0,1,2025-10-08,9500.0,28400.0,11900.0,0.41901408450704225,Rotación media
M950663,KIT DISTRIBUCCION CB 110 KNT,1,1.0,27000.0,27000.0,0.0,0.0,1.0,45000.0,1,1,2024-08-24 12:56:37,2024-08-24 12:56:37,27.9,747.0,0.0,0.0,0.0,0.0,1.0,100%,0.0,0.0,0.0,0,,45000.0,45000.0,18000.0,0.4,Sin stock actual
MOTS1081,RETEN 30-40-7,1,9.0,3000.0,27000.0,9.0,27000.0,0.0,0.0,0,0,,,,,0.0,0.0,0.0,0.0,0.0,0%,9.0,27000.0,0.0,0,,5000.0,0.0,0.0,,Sin ventas desde compra
MOTS1232,BALINERA 6005 ZZ C3 KOYO,1,3.0,9000.0,27000.0,1.0,9000.0,3.0,51000.0,3,3,2024-09-28 10:02:29,2025-03-14 12:27:09,62.8,545.0,0.0,0.0,0.0,0.0,1.0,100%,0.0,0.0,1.0,1,2025-02-13,18000.0,51000.0,24000.0,0.47058823529411764,"Con stock, sin ventas 365d"
MOTS1248,PASTILLAS FRENO BWS DEI JAPAN,1,2.0,13500.0,27000.0,1.0,13500.0,2.0,44500.0,2,2,2024-09-21 11:04:26,2025-03-17 08:30:54,55.8,542.0,0.0,0.0,0.0,0.0,1.0,100%,0.0,0.0,1.0,1,2024-08-01,22500.0,44500.0,17500.0,0.39325842696629215,"Con stock, sin ventas 365d"
MOTS1307,BOMBILLO H1 (8.5 MM) P1YSS 12V SUPER WHITHEBY WARD,1,6.0,4500.0,27000.0,0.0,0.0,6.0,36500.0,4,4,2024-09-01 08:51:06,2025-02-12 17:22:25,35.7,575.0,0.0,0.0,0.0,0.0,1.0,100%,0.0,0.0,0.0,0,,7500.0,36500.0,9500.0,0.2602739726027397,Sin stock actual
MOTS1107,TAPA TANQUE HERO  HONDA ECO,1,1.0,26800.0,26800.0,0.0,0.0,1.0,38000.0,1,1,2025-02-04 18:46:52,2025-02-04 18:46:52,192.1,583.0,0.0,0.0,0.0,0.0,1.0,100%,0.0,0.0,0.0,0,,45000.0,38000.0,11200.0,0.29473684210526313,Sin stock actual
MOTS1283,DISCOS CLUCTH AX 5GP SUZUKI,1,2.0,13200.0,26400.0,0.0,0.0,2.0,41000.0,2,2,2025-03-19 12:20:26,2025-06-27 11:34:43,234.9,440.0,0.0,0.0,0.0,0.0,1.0,100%,0.0,0.0,0.0,0,,22000.0,41000.0,14600.0,0.35609756097560974,Sin stock actual
RES - 027,RESORTE FRENO SURTIDO,1,21.0,1250.0,26250.0,11.0,13750.0,10.0,24000.0,10,10,2024-08-18 11:02:31,2026-08-12 14:44:44,21.8,29.0,1.0,1.0,1.0,2500.0,0.47619047619047616,1-49%,11.0,13750.0,0.0,0,,2500.0,24000.0,11500.0,0.4791666666666667,Rotación baja
1004143,KIT DISTRIBUCCION ECO DELUXE 22K 130 LB CROWN,1,1.0,26000.0,26000.0,1.0,26000.0,0.0,0.0,0,0,,,,,0.0,0.0,0.0,0.0,0.0,0%,1.0,26000.0,0.0,0,,43500.0,0.0,0.0,,Sin ventas desde compra
BX - 9150,DIRECCIONAL DT 125 TRA BYWARD,1,2.0,13000.0,26000.0,0.0,0.0,2.0,42000.0,2,2,2025-01-25 11:38:24,2025-01-31 12:06:26,181.8,587.0,0.0,0.0,0.0,0.0,1.0,100%,0.0,0.0,0.0,0,,22000.0,42000.0,16000.0,0.38095238095238093,Sin stock actual
MOTS1076,RETEN 35-48-11,1,13.0,2000.0,26000.0,0.0,0.0,13.0,46500.0,7,7,2024-08-12 10:30:55,2026-04-02 13:07:22,15.8,161.0,0.0,0.0,4.0,14000.0,1.0,100%,0.0,0.0,0.0,0,,3500.0,46500.0,20500.0,0.44086021505376344,Sin stock actual
MOTS1077,RETEN 14-25-5,1,13.0,2000.0,26000.0,12.0,24000.0,1.0,3500.0,1,1,2024-08-21 16:09:04,2024-08-21 16:09:04,25.0,750.0,0.0,0.0,0.0,0.0,0.07692307692307693,1-49%,12.0,24000.0,0.0,0,,3500.0,3500.0,1500.0,0.42857142857142855,"Con stock, sin ventas 365d"
MOTS1221,BALINERA 6203 2RS YAHASUKA,1,5.0,5200.0,26000.0,2.0,10400.0,5.0,43000.0,5,5,2024-10-28 10:10:49,2025-05-12 12:23:30,92.8,486.0,0.0,0.0,0.0,0.0,1.0,100%,0.0,0.0,2.0,1,2025-01-16,9000.0,43000.0,17000.0,0.3953488372093023,"Con stock, sin ventas 365d"
D244,LIMPIADOR ELECTRONICO PISTA,1,2.0,12900.0,25800.0,0.0,0.0,2.0,38000.0,1,1,2026-02-13 11:29:21,2026-02-13 11:29:21,565.8,209.0,0.0,0.0,2.0,38000.0,1.0,100%,0.0,0.0,0.0,0,,21500.0,38000.0,12200.0,0.32105263157894737,Sin stock actual
MOTS1009,SILICONA PROTECTOR U.V. 3 CHICLE SIMONIZ,1,3.0,8500.0,25500.0,0.0,0.0,3.0,43500.0,3,3,2024-07-27 16:36:09,2024-09-05 12:28:08,0.0,735.0,0.0,0.0,0.0,0.0,1.0,100%,0.0,0.0,0.0,0,,14500.0,43500.0,18000.0,0.41379310344827586,Sin stock actual
MOTS1218,BALINERA 6201 2RS RODAMAIS,1,6.0,4100.0,24600.0,0.0,0.0,6.0,36000.0,5,5,2025-03-26 09:36:01,2025-08-21 16:10:54,241.7,385.0,0.0,0.0,0.0,0.0,1.0,100%,0.0,0.0,0.0,0,,7000.0,36000.0,11400.0,0.31666666666666665,Sin stock actual
MOTS1183,MANIGUETA DER  VARIOS,1,7.0,3500.0,24500.0,7.0,24500.0,0.0,0.0,0,0,,,,,0.0,0.0,0.0,0.0,0.0,0%,7.0,24500.0,0.0,0,,6000.0,0.0,0.0,,Sin ventas desde compra
MOTS1088,RETEN 13-8-24-5,1,11.0,2200.0,24200.0,3.0,6600.0,8.0,30000.0,8,8,2025-01-10 08:45:41,2026-03-05 13:10:16,166.7,189.0,0.0,0.0,7.0,26000.0,0.7272727272727273,50-79%,3.0,6600.0,0.0,0,,4000.0,30000.0,12400.0,0.41333333333333333,Rotación media
101025,BASE MANIGUETA XL 100-125/85 JAPAN,1,3.0,8000.0,24000.0,3.0,24000.0,0.0,0.0,0,0,,,,,0.0,0.0,0.0,0.0,0.0,0%,3.0,24000.0,0.0,0,,13500.0,0.0,0.0,,Sin ventas desde compra
11004007,JUEGO TAPAS LATERALES DT/R5 - 175 BLANCA PLASTICOS GALEANO,1,2.0,12000.0,24000.0,0.0,0.0,2.0,37000.0,2,2,2024-08-02 16:59:33,2024-12-06 12:14:34,6.1,643.0,0.0,0.0,0.0,0.0,1.0,100%,0.0,0.0,0.0,0,,20000.0,37000.0,13000.0,0.35135135135135137,Sin stock actual
22578,MANIGUETA IZQ BWS XT2 125 NARITA,1,4.0,6000.0,24000.0,0.0,0.0,4.0,42000.0,4,4,2024-07-30 11:05:41,2024-08-16 16:53:15,2.8,755.0,0.0,0.0,0.0,0.0,1.0,100%,0.0,0.0,0.0,0,,10000.0,42000.0,18000.0,0.42857142857142855,Sin stock actual
87737015,ESCOBILLAS ARRANQUE BWS125 KOCHIN,1,3.0,8000.0,24000.0,0.0,0.0,3.0,38000.0,2,2,2025-07-23 16:07:50,2026-03-01 12:48:00,361.0,193.0,0.0,0.0,1.0,12000.0,1.0,100%,0.0,0.0,0.0,0,,13500.0,38000.0,14000.0,0.3684210526315789,Sin stock actual
MOTS1034,DIRECCIONNAL AX4  4T  AMBAR PAR APM,1,2.0,12000.0,24000.0,1.0,12000.0,1.0,20000.0,1,1,2025-12-23 12:31:45,2025-12-23 12:31:45,513.9,261.0,0.0,0.0,1.0,20000.0,0.5,50-79%,1.0,12000.0,0.0,0,,20000.0,20000.0,8000.0,0.4,Rotación media
MOTS1054,RETEN 25-44-7,1,8.0,3000.0,24000.0,7.0,21000.0,1.0,5000.0,1,1,2025-10-15 08:10:12,2025-10-15 08:10:12,444.7,330.0,0.0,0.0,1.0,5000.0,0.125,1-49%,7.0,21000.0,0.0,0,,5000.0,5000.0,2000.0,0.4,Rotación baja
MOTS1121,SWICHE FZ - YB1 - XT2 - 125 MIYAZURA,1,1.0,24000.0,24000.0,1.0,24000.0,1.0,40000.0,1,1,2024-09-30 07:27:46,2024-09-30 07:27:46,64.7,710.0,0.0,0.0,0.0,0.0,1.0,100%,0.0,0.0,1.0,1,2025-09-11,40000.0,40000.0,16000.0,0.4,"Con stock, sin ventas 365d"
MOTS1262,GUAYA CLUCTH PULSAR NS CUPRAPARTS,1,2.0,12000.0,24000.0,2.0,24000.0,0.0,0.0,0,0,,,,,0.0,0.0,0.0,0.0,0.0,0%,2.0,24000.0,0.0,0,,20000.0,0.0,0.0,,Sin ventas desde compra
DIR-073,MANUBRIO ECO DELUXE,1,1.0,23500.0,23500.0,0.0,0.0,1.0,35000.0,1,1,2024-11-02 08:14:23,2024-11-02 08:14:23,97.7,677.0,0.0,0.0,0.0,0.0,1.0,100%,0.0,0.0,0.0,0,,39500.0,35000.0,11500.0,0.32857142857142857,Sin stock actual
MOTS1206,JUEGO RADIOS 9 X 164 NITROX,1,2.0,11500.0,23000.0,2.0,23000.0,0.0,0.0,0,0,,,,,0.0,0.0,0.0,0.0,0.0,0%,2.0,23000.0,0.0,0,,19500.0,0.0,0.0,,Sin ventas desde compra
MOTS1215,CUNAS DIRECCION ECO DELUXE / CBF 125 -150 RODILLO EVOL,1,2.0,11400.0,22800.0,1.0,11400.0,1.0,17000.0,1,1,2026-01-08 17:40:05,2026-01-08 17:40:05,530.1,245.0,0.0,0.0,1.0,17000.0,0.5,50-79%,1.0,11400.0,0.0,0,,19000.0,17000.0,5600.0,0.32941176470588235,Rotación media
MOTS1226,BALINERA 62002RSC3 NXT,1,6.0,3800.0,22800.0,3.0,11400.0,5.0,31500.0,4,4,2025-06-30 13:57:05,2026-05-06 17:00:57,337.9,127.0,0.0,0.0,4.0,25000.0,0.8333333333333334,80-99%,1.0,3800.0,2.0,1,2025-03-23,6500.0,31500.0,12500.0,0.3968253968253968,Rotación media
MOTS1240,BALINERA 6205 C3 AKITA,1,6.0,3800.0,22800.0,5.0,19000.0,1.0,6500.0,1,1,2026-03-17 08:45:20,2026-03-17 08:45:20,597.7,177.0,0.0,0.0,1.0,6500.0,0.16666666666666666,1-49%,5.0,19000.0,0.0,0,,6500.0,6500.0,2700.0,0.4153846153846154,Rotación baja
4400,CUNAS DIRECCION XL 125 / ECO 100 / TT 125 BALIN ARITA,1,3.0,7500.0,22500.0,2.0,15000.0,1.0,12500.0,1,1,2025-03-29 09:35:46,2025-03-29 09:35:46,244.7,530.0,0.0,0.0,0.0,0.0,0.3333333333333333,1-49%,2.0,15000.0,0.0,0,,12500.0,12500.0,5000.0,0.4,"Con stock, sin ventas 365d"
MOTS1238,BALINERA 6001 2RS C3 RNV,1,5.0,4500.0,22500.0,3.0,13500.0,2.0,14500.0,2,2,2024-10-15 15:17:41,2025-02-12 17:32:09,80.0,575.0,0.0,0.0,0.0,0.0,0.4,1-49%,3.0,13500.0,0.0,0,,7500.0,14500.0,5500.0,0.3793103448275862,"Con stock, sin ventas 365d"
MOTS1244,TAPA PRENSA CBF 125,1,1.0,22500.0,22500.0,0.0,0.0,1.0,37500.0,1,1,2024-09-16 11:07:35,2024-09-16 11:07:35,50.8,724.0,0.0,0.0,0.0,0.0,1.0,100%,0.0,0.0,0.0,0,,37500.0,37500.0,15000.0,0.4,Sin stock actual
KIT - 026,KIT TORNILLOS CATALINA ECO DELUXE RACING,1,7.0,3200.0,22400.0,0.0,0.0,7.0,36500.0,6,6,2024-09-08 12:19:59,2025-03-11 11:46:13,42.9,548.0,0.0,0.0,0.0,0.0,1.0,100%,0.0,0.0,0.0,0,,5500.0,36500.0,14100.0,0.3863013698630137,Sin stock actual
KIT - 054949,KIT VIELA HAYATE 115 IXUM,1,1.0,22400.0,22400.0,0.0,0.0,1.0,32000.0,1,1,2025-03-31 11:50:35,2025-03-31 11:50:35,246.8,528.0,0.0,0.0,0.0,0.0,1.0,100%,0.0,0.0,0.0,0,,37500.0,32000.0,9600.0,0.3,Sin stock actual
20149,CADENA DORADA 420H - 122 L PUSH,1,1.0,22300.0,22300.0,0.0,0.0,1.0,22000.0,1,1,2025-01-13 08:16:14,2025-01-13 08:16:14,169.7,605.0,0.0,0.0,0.0,0.0,1.0,100%,0.0,0.0,0.0,0,,37500.0,22000.0,-300.0,-0.013636363636363636,Sin stock actual
1501002,MANIGUETA IZQ DREAM NEO CB KANNL,1,4.0,5500.0,22000.0,1.0,5500.0,3.0,28000.0,3,3,2024-08-05 12:30:17,2024-09-07 09:00:04,8.9,733.0,0.0,0.0,0.0,0.0,0.75,50-79%,1.0,5500.0,0.0,0,,9500.0,28000.0,11500.0,0.4107142857142857,"Con stock, sin ventas 365d"
B2208559,MANIGUETA DER CB 110 GOLIMPORTACIONES,1,4.0,5500.0,22000.0,2.0,11000.0,2.0,18500.0,2,2,2024-11-12 16:31:12,2025-05-07 15:10:04,108.0,491.0,0.0,0.0,0.0,0.0,0.5,50-79%,2.0,11000.0,0.0,0,,9500.0,18500.0,7500.0,0.40540540540540543,"Con stock, sin ventas 365d"
MOTS1098,RETEN 15-26-6,1,11.0,2000.0,22000.0,10.0,20000.0,1.0,3500.0,1,1,2025-12-20 11:17:55,2025-12-20 11:17:55,510.8,264.0,0.0,0.0,1.0,3500.0,0.09090909090909091,1-49%,10.0,20000.0,0.0,0,,3500.0,3500.0,1500.0,0.42857142857142855,Rotación baja
MOTS1212,BANDA FRENO TRA  ECO DELUXE X MOTOS,1,2.0,11000.0,22000.0,0.0,0.0,2.0,30000.0,1,1,2024-11-10 10:19:11,2024-11-10 10:19:11,105.8,669.0,0.0,0.0,0.0,0.0,1.0,100%,0.0,0.0,0.0,0,,18500.0,30000.0,8000.0,0.26666666666666666,Sin stock actual
MOTS1237,BALINERA 6303 2RS C3 PFI BEARING,1,4.0,5500.0,22000.0,2.0,11000.0,4.0,38000.0,4,4,2024-10-26 09:01:48,2025-06-19 13:48:01,90.7,448.0,0.0,0.0,0.0,0.0,1.0,100%,0.0,0.0,2.0,2,2025-04-27,9500.0,38000.0,16000.0,0.42105263157894735,"Con stock, sin ventas 365d"
MOTS1290,REPOSA PIE SCO HONDA DEI PAR,1,2.0,11000.0,22000.0,0.0,0.0,2.0,34500.0,2,2,2024-08-12 10:30:55,2024-10-07 16:56:24,15.8,703.0,0.0,0.0,0.0,0.0,1.0,100%,0.0,0.0,0.0,0,,18500.0,34500.0,12500.0,0.36231884057971014,Sin stock actual
LLA - 042455,LLAVE GASOLINA BWS 125 4T 5YK,1,2.0,10800.0,21600.0,0.0,0.0,2.0,34000.0,2,2,2024-12-07 09:16:09,2025-12-23 17:54:47,132.7,261.0,0.0,0.0,1.0,16000.0,1.0,100%,0.0,0.0,0.0,0,,18000.0,34000.0,12400.0,0.36470588235294116,Sin stock actual
MOTS1273,GUAYA RETORNO BWS 125 No. 2 SUPRAPARTS,1,2.0,10800.0,21600.0,0.0,0.0,2.0,36000.0,2,2,2024-10-28 10:10:49,2025-01-08 10:15:26,92.8,610.0,0.0,0.0,0.0,0.0,1.0,100%,0.0,0.0,0.0,0,,18000.0,36000.0,14400.0,0.4,Sin stock actual
11067142,PASTILLA FRENO PULSAR BAJA 180 MARINO,1,2.0,10500.0,21000.0,1.0,10500.0,2.0,33500.0,2,2,2025-02-19 08:40:47,2025-04-01 18:34:22,206.7,527.0,0.0,0.0,0.0,0.0,1.0,100%,0.0,0.0,1.0,1,2025-03-31,17500.0,33500.0,12500.0,0.373134328358209,"Con stock, sin ventas 365d"
BX22090013,LEVA FRENO TFA - CONEJE ECO 100 / DELUXE GROWSUN,1,7.0,3000.0,21000.0,1.0,3000.0,6.0,30000.0,5,5,2024-08-30 10:28:50,2025-11-19 16:25:25,33.8,295.0,0.0,0.0,4.0,20000.0,0.8571428571428571,80-99%,1.0,3000.0,0.0,0,,5000.0,30000.0,12000.0,0.4,Rotación media
CAD - 119,CADENA 428H - 132 NITROX,1,1.0,21000.0,21000.0,0.0,0.0,1.0,35000.0,1,1,2025-12-11 15:34:35,2025-12-11 15:34:35,502.0,273.0,0.0,0.0,1.0,35000.0,1.0,100%,0.0,0.0,0.0,0,,35000.0,35000.0,14000.0,0.4,Sin stock actual
CDIR-ECO,CAUCHOS DIRECCION ECO/BOXER CAU PLAST,1,7.0,3000.0,21000.0,1.0,3000.0,7.0,34000.0,7,7,2024-09-03 08:57:38,2025-02-20 17:00:37,37.7,567.0,0.0,0.0,0.0,0.0,1.0,100%,0.0,0.0,1.0,1,2025-01-08,5000.0,34000.0,13000.0,0.38235294117647056,"Con stock, sin ventas 365d"
MOTS1082,RETEN 32-44-70-5,1,7.0,3000.0,21000.0,3.0,9000.0,4.0,20000.0,2,2,2025-11-21 19:43:34,2026-05-02 15:05:32,482.2,131.0,0.0,0.0,4.0,20000.0,0.5714285714285714,50-79%,3.0,9000.0,0.0,0,,5000.0,20000.0,8000.0,0.4,Rotación media
MOTS1094,RETEN 4.8-22-7,1,14.0,1500.0,21000.0,14.0,21000.0,0.0,0.0,0,0,,,,,0.0,0.0,0.0,0.0,0.0,0%,14.0,21000.0,0.0,0,,2500.0,0.0,0.0,,Sin ventas desde compra
MOTS1141,DONAS MOFLE VARIAS,1,6.0,3500.0,21000.0,6.0,21000.0,0.0,0.0,0,0,,,,,0.0,0.0,0.0,0.0,0.0,0%,6.0,21000.0,0.0,0,,600.0,0.0,0.0,,Sin ventas desde compra
MOTS1179,MANIGUETA DER CB 110 SAI MOTOR CYCLE,1,6.0,3500.0,21000.0,6.0,21000.0,0.0,0.0,0,0,,,,,0.0,0.0,0.0,0.0,0.0,0%,6.0,21000.0,0.0,0,,6000.0,0.0,0.0,,Sin ventas desde compra
MOTS1312,BOMBA ACEITE ECO HERO,1,2.0,10500.0,21000.0,1.0,10500.0,2.0,30000.0,2,2,2024-11-21 16:02:04,2024-11-27 14:06:01,117.0,652.0,0.0,0.0,0.0,0.0,1.0,100%,0.0,0.0,1.0,1,2024-11-21,17500.0,30000.0,9000.0,0.3,"Con stock, sin ventas 365d"
TAP-005,TAPON CARTER # 12,1,10.0,2100.0,21000.0,8.0,16800.0,2.0,7000.0,2,2,2024-09-21 12:04:50,2024-10-22 09:02:06,55.9,688.0,0.0,0.0,0.0,0.0,0.2,1-49%,8.0,16800.0,0.0,0,,3500.0,7000.0,2800.0,0.4,"Con stock, sin ventas 365d"
TAP-006,TAPON CARTER # 14,1,11.0,1900.0,20900.0,11.0,20900.0,0.0,0.0,0,0,,,,,0.0,0.0,0.0,0.0,0.0,0%,11.0,20900.0,0.0,0,,3500.0,0.0,0.0,,Sin ventas desde compra
5110,BUJIA B7HS NGK,1,4.0,5200.0,20800.0,3.0,15600.0,1.0,9000.0,1,1,2024-09-28 18:17:10,2024-09-28 18:17:10,63.1,712.0,0.0,0.0,0.0,0.0,0.25,1-49%,3.0,15600.0,0.0,0,,9000.0,9000.0,3800.0,0.4222222222222222,"Con stock, sin ventas 365d"
RET-154,37-49-8/10.5 BARAI,1,8.0,2600.0,20800.0,2.0,5200.0,8.0,37000.0,6,6,2024-11-01 08:20:32,2025-08-25 16:35:36,96.7,381.0,0.0,0.0,0.0,0.0,1.0,100%,0.0,0.0,2.0,1,2025-07-05,4500.0,37000.0,16200.0,0.43783783783783786,"Con stock, sin ventas 365d"
14401178000,CADENILLA ECO 100 GENZO,1,2.0,10000.0,20000.0,0.0,0.0,2.0,32000.0,2,2,2024-09-07 17:12:00,2025-04-22 15:04:05,42.1,506.0,0.0,0.0,0.0,0.0,1.0,100%,0.0,0.0,0.0,0,,17000.0,32000.0,12000.0,0.375,Sin stock actual
4141011,REPOSA PIE TRA ECO / SPLENDOR PAR FABRIPARTES,1,2.0,10000.0,20000.0,1.0,10000.0,1.0,12000.0,1,1,2024-10-23 12:17:48,2024-10-23 12:17:48,87.9,687.0,0.0,0.0,0.0,0.0,0.5,50-79%,1.0,10000.0,0.0,0,,17000.0,12000.0,2000.0,0.16666666666666666,"Con stock, sin ventas 365d"
600010500,BUJE PORTA CATALINA C/TUERCA X2 PCS ECO GENINEPARTS,1,4.0,5000.0,20000.0,0.0,0.0,4.0,33500.0,4,4,2024-11-01 08:20:32,2025-02-08 10:10:45,96.7,579.0,0.0,0.0,0.0,0.0,1.0,100%,0.0,0.0,0.0,0,,8500.0,33500.0,13500.0,0.40298507462686567,Sin stock actual
60187,GUAYA ACELERADOR XLR 125 GUAYAS Y PARTES,1,4.0,5000.0,20000.0,4.0,20000.0,0.0,0.0,0,0,,,,,0.0,0.0,0.0,0.0,0.0,0%,4.0,20000.0,0.0,0,,8500.0,0.0,0.0,,Sin ventas desde compra
A181B,EMPAQUE TAPA CLUCTH CLUCTH FZ 16 EMP AMERICA,1,10.0,2000.0,20000.0,3.0,6000.0,7.0,24500.0,7,7,2024-08-01 08:43:21,2026-01-05 14:08:47,4.7,248.0,0.0,0.0,2.0,7500.0,0.7,50-79%,3.0,6000.0,0.0,0,,3500.0,24500.0,10500.0,0.42857142857142855,Rotación media
CAD-041,CADENILLA CB 110X88 HONDA,1,2.0,10000.0,20000.0,2.0,20000.0,1.0,17000.0,1,1,2024-12-05 09:02:48,2024-12-05 09:02:48,130.7,644.0,0.0,0.0,0.0,0.0,0.5,50-79%,1.0,10000.0,1.0,1,2025-01-14,17000.0,17000.0,7000.0,0.4117647058823529,"Con stock, sin ventas 365d"
MOTS1058,RETEN 30-44-7,1,5.0,4000.0,20000.0,5.0,20000.0,0.0,0.0,0,0,,,,,0.0,0.0,0.0,0.0,0.0,0%,5.0,20000.0,0.0,0,,7000.0,0.0,0.0,,Sin ventas desde compra
MOTS1080,RETEN 7-26-5-5,1,10.0,2000.0,20000.0,10.0,20000.0,0.0,0.0,0,0,,,,,0.0,0.0,0.0,0.0,0.0,0%,10.0,20000.0,0.0,0,,3500.0,0.0,0.0,,Sin ventas desde compra
MOTS1096,RETEN 15-28-7,1,10.0,2000.0,20000.0,10.0,20000.0,0.0,0.0,0,0,,,,,0.0,0.0,0.0,0.0,0.0,0%,10.0,20000.0,0.0,0,,3500.0,0.0,0.0,,Sin ventas desde compra
MOTS1155,CAUCHOS PATADACARIOS,1,20.0,1000.0,20000.0,13.0,13000.0,7.0,14000.0,6,6,2024-08-18 09:14:51,2025-01-25 11:38:24,21.7,593.0,0.0,0.0,0.0,0.0,0.35,1-49%,13.0,13000.0,0.0,0,,2000.0,14000.0,7000.0,0.5,"Con stock, sin ventas 365d"
MOTS1161,ESPEJOS BWS ROSCA No. 10 PAR VEKTRA,1,2.0,10000.0,20000.0,0.0,0.0,2.0,34000.0,2,2,2024-08-24 19:27:50,2025-07-04 14:06:39,28.2,433.0,0.0,0.0,0.0,0.0,1.0,100%,0.0,0.0,0.0,0,,17000.0,34000.0,14000.0,0.4117647058823529,Sin stock actual
MOTS1233,BALINERA 6000 2RS C3 KOYO,1,4.0,5000.0,20000.0,0.0,0.0,4.0,29000.0,3,3,2024-10-12 08:48:00,2026-03-24 13:34:59,76.7,170.0,0.0,0.0,1.0,8000.0,1.0,100%,0.0,0.0,0.0,0,,8500.0,29000.0,9000.0,0.3103448275862069,Sin stock actual
MOTS1296,CABLE ALTA METRO,1,32.0,620.0,19840.0,7.0,4340.0,32.0,77000.0,20,19,2024-08-14 11:58:36,2026-02-12 17:28:21,17.8,210.0,0.0,0.0,5.0,10500.0,1.0,100%,0.0,0.0,7.0,5,2026-02-12,2500.0,77000.0,57160.0,0.7423376623376623,Compra absorbida; stock repuesto
MOTS1202,CADENA 420 -1/2 X 1/4 TECCHAM,1,1.0,19800.0,19800.0,1.0,19800.0,0.0,0.0,0,0,,,,,0.0,0.0,0.0,0.0,0.0,0%,1.0,19800.0,0.0,0,,33000.0,0.0,0.0,,Sin ventas desde compra
F211A,KIT EMPAQUE COMPLETO ECO CON STAR GPP,1,1.0,19500.0,19500.0,2.0,39000.0,1.0,32500.0,1,1,2024-08-07 10:00:20,2024-08-07 10:00:20,10.8,764.0,0.0,0.0,0.0,0.0,1.0,100%,0.0,0.0,2.0,2,2024-11-12,32500.0,32500.0,13000.0,0.4,"Con stock, sin ventas 365d"
87737025,ESCOBILLAS ARRANQUE XR 150 L / CB 125 ROCHIN,1,2.0,9600.0,19200.0,2.0,19200.0,0.0,0.0,0,0,,,,,0.0,0.0,0.0,0.0,0.0,0%,2.0,19200.0,0.0,0,,16000.0,0.0,0.0,,Sin ventas desde compra
MOTS1032,COMANDO IZQ XTZ 125 MOTOTEC,1,1.0,19200.0,19200.0,0.0,0.0,1.0,28000.0,1,1,2024-11-01 08:20:32,2024-11-01 08:20:32,96.7,678.0,0.0,0.0,0.0,0.0,1.0,100%,0.0,0.0,0.0,0,,32000.0,28000.0,8800.0,0.3142857142857143,Sin stock actual
27278,CADENILLA CB 110 ANANT,1,2.0,9500.0,19000.0,2.0,19000.0,0.0,0.0,0,0,,,,,0.0,0.0,0.0,0.0,0.0,0%,2.0,19000.0,0.0,0,,16000.0,0.0,0.0,,Sin ventas desde compra
COM - O96,COMANDO IZQUIERDO ECO HONDA,1,1.0,19000.0,19000.0,1.0,19000.0,0.0,0.0,0,0,,,,,0.0,0.0,0.0,0.0,0.0,0%,1.0,19000.0,0.0,0,,32000.0,0.0,0.0,,Sin ventas desde compra
MAR - 040,RELAY ENCENDIDO UNIVERSAL BARAI,1,1.0,19000.0,19000.0,0.0,0.0,1.0,32000.0,1,1,2024-10-21 12:30:55,2024-10-21 12:30:55,85.9,689.0,0.0,0.0,0.0,0.0,1.0,100%,0.0,0.0,0.0,0,,32000.0,32000.0,13000.0,0.40625,Sin stock actual
A181A1,KIT MEDIO FZ 16 EMP.  AMERICA,1,4.0,4600.0,18400.0,4.0,18400.0,0.0,0.0,0,0,,,,,0.0,0.0,0.0,0.0,0.0,0%,4.0,18400.0,0.0,0,,8000.0,0.0,0.0,,Sin ventas desde compra
53471,PORTA PLACA XTZ 125 SYK,1,1.0,18300.0,18300.0,0.0,0.0,3.0,95500.0,3,3,2024-07-31 10:24:13,2024-12-28 12:56:56,3.8,621.0,0.0,0.0,0.0,0.0,1.0,100%,0.0,0.0,2.0,1,2024-10-31,49100.0,31833.333333333332,13533.333333333332,0.425130890052356,Sin stock actual
ESP 022 - 203A,ESPEJOS YAMAHA V80 ROSCA No. 8,1,2.0,9000.0,18000.0,2.0,18000.0,0.0,0.0,0,0,,,,,0.0,0.0,0.0,0.0,0.0,0%,2.0,18000.0,0.0,0,,15000.0,0.0,0.0,,Sin ventas desde compra
MNG- 002,MANIGUETA IZQ BWS CROMADA YAMAHA,1,3.0,6000.0,18000.0,0.0,0.0,3.0,28000.0,3,3,2025-01-02 17:05:11,2025-06-21 17:39:29,159.1,446.0,0.0,0.0,0.0,0.0,1.0,100%,0.0,0.0,0.0,0,,10000.0,28000.0,10000.0,0.35714285714285715,Sin stock actual
MOTS1002,JUEGO TAPAS LATERALES CALIMATI NEGRA DIFEL,1,1.0,18000.0,18000.0,1.0,18000.0,0.0,0.0,0,0,,,,,0.0,0.0,0.0,0.0,0.0,0%,1.0,18000.0,0.0,0,,30000.0,0.0,0.0,,Sin ventas desde compra
MOTS1003,JUEGO DE TAPAS LATERALES CALIMATI ROJA DIFEL,1,1.0,18000.0,18000.0,1.0,18000.0,0.0,0.0,0,0,,,,,0.0,0.0,0.0,0.0,0.0,0%,1.0,18000.0,0.0,0,,30000.0,0.0,0.0,,Sin ventas desde compra
MOTS1045,RETEN 20-35-7,1,9.0,2000.0,18000.0,8.0,16000.0,1.0,3000.0,1,1,2025-11-25 14:19:28,2025-11-25 14:19:28,485.9,289.0,0.0,0.0,1.0,3000.0,0.1111111111111111,1-49%,8.0,16000.0,0.0,0,,3500.0,3000.0,1000.0,0.3333333333333333,Rotación baja
MOTS1046,RETEN 13-22-5-5,1,9.0,2000.0,18000.0,8.0,16000.0,1.0,3500.0,1,1,2025-08-06 11:51:06,2025-08-06 11:51:06,374.8,400.0,0.0,0.0,0.0,0.0,0.1111111111111111,1-49%,8.0,16000.0,0.0,0,,3500.0,3500.0,1500.0,0.42857142857142855,"Con stock, sin ventas 365d"
MOTS1049,RETEN 22-33-7,1,9.0,2000.0,18000.0,9.0,18000.0,0.0,0.0,0,0,,,,,0.0,0.0,0.0,0.0,0.0,0%,9.0,18000.0,0.0,0,,3500.0,0.0,0.0,,Sin ventas desde compra
MOTS1061,RETEN 30-40-10-5,1,6.0,3000.0,18000.0,3.0,9000.0,3.0,15000.0,2,2,2024-08-17 15:20:59,2026-05-30 15:55:01,21.0,103.0,0.0,0.0,2.0,10000.0,0.5,50-79%,3.0,9000.0,0.0,0,,5000.0,15000.0,6000.0,0.4,Rotación media
MOTS1062,RETEN 33-46-10-5,1,9.0,2000.0,18000.0,1.0,2000.0,9.0,32500.0,5,5,2024-11-01 08:20:32,2025-06-21 16:50:14,96.7,446.0,0.0,0.0,0.0,0.0,1.0,100%,0.0,0.0,1.0,1,2025-06-18,3500.0,32500.0,14500.0,0.4461538461538462,"Con stock, sin ventas 365d"
MOTS1138,PROTECTOR VENTILADOR  BWS,1,3.0,6000.0,18000.0,3.0,18000.0,0.0,0.0,0,0,,,,,0.0,0.0,0.0,0.0,0.0,0%,3.0,18000.0,0.0,0,,10000.0,0.0,0.0,,Sin ventas desde compra
MOTS1156,RESORTE PATA LATERAL VARIOS,1,9.0,2000.0,18000.0,3.0,6000.0,6.0,20000.0,6,6,2024-08-07 13:02:23,2025-08-28 15:23:28,10.9,378.0,0.0,0.0,0.0,0.0,0.6666666666666666,50-79%,3.0,6000.0,0.0,0,,3500.0,20000.0,8000.0,0.4,"Con stock, sin ventas 365d"
MOTS1207,DISCOS CLUTCH 4 PCS CB 110 WSTANDARD,1,1.0,18000.0,18000.0,0.0,0.0,1.0,30000.0,1,1,2024-08-24 12:56:37,2024-08-24 12:56:37,27.9,747.0,0.0,0.0,0.0,0.0,1.0,100%,0.0,0.0,0.0,0,,30000.0,30000.0,12000.0,0.4,Sin stock actual
MOTS1250,PASTILLAS FRENO DT 125 / CRIPTON GX MOTOS,1,2.0,8900.0,17800.0,0.0,0.0,2.0,27000.0,2,2,2024-08-18 09:14:51,2025-06-01 12:43:07,21.7,466.0,0.0,0.0,0.0,0.0,1.0,100%,0.0,0.0,0.0,0,,15000.0,27000.0,9200.0,0.34074074074074073,Sin stock actual
GAB - 162,GUAYA CLUCTH PULSAR 200 NS MOTOTEC,1,2.0,8834.0,17668.0,2.0,17668.0,0.0,0.0,0,0,,,,,0.0,0.0,0.0,0.0,0.0,0%,2.0,17668.0,0.0,0,,15000.0,0.0,0.0,,Sin ventas desde compra
DIA-010,DIAFRAGMA BWS 125 YAMAHA,1,2.0,8800.0,17600.0,1.0,8800.0,1.0,14500.0,1,1,2024-11-22 11:09:29,2024-11-22 11:09:29,117.8,657.0,0.0,0.0,0.0,0.0,0.5,50-79%,1.0,8800.0,0.0,0,,15000.0,14500.0,5700.0,0.3931034482758621,"Con stock, sin ventas 365d"
KIT - 035,KIT MARDAZA,1,5.0,3500.0,17500.0,0.0,0.0,5.0,30000.0,4,4,2024-07-30 14:04:42,2024-09-24 08:13:18,2.9,716.0,0.0,0.0,0.0,0.0,1.0,100%,0.0,0.0,0.0,0,,6000.0,30000.0,12500.0,0.4166666666666667,Sin stock actual
MOTS1136,EMBLEMA PALSTICO YAMAHA FAROLA RX 115,1,5.0,3500.0,17500.0,5.0,17500.0,0.0,0.0,0,0,,,,,0.0,0.0,0.0,0.0,0.0,0%,5.0,17500.0,0.0,0,,6000.0,0.0,0.0,,Sin ventas desde compra
MOTS1177,MANIGUETA DER YBR 125 OUGUANG,1,5.0,3500.0,17500.0,5.0,17500.0,0.0,0.0,0,0,,,,,0.0,0.0,0.0,0.0,0.0,0%,5.0,17500.0,0.0,0,,6000.0,0.0,0.0,,Sin ventas desde compra
6511,BUJIA BP5HS NGK,1,3.0,5800.0,17400.0,2.0,11600.0,1.0,10000.0,1,1,2025-10-10 16:10:22,2025-10-10 16:10:22,440.0,335.0,0.0,0.0,1.0,10000.0,0.3333333333333333,1-49%,2.0,11600.0,0.0,0,,10000.0,10000.0,4200.0,0.42,Rotación baja
MOTS1030,CAUCHO ANTIVIBRANTE CILINDRO DT PENIEL,1,6.0,2900.0,17400.0,6.0,17400.0,0.0,0.0,0,0,,,,,0.0,0.0,0.0,0.0,0.0,0%,6.0,17400.0,0.0,0,,5000.0,0.0,0.0,,Sin ventas desde compra
MOTS1031,CAUCHO ANTIVIBRANTE CULATA DT PENIIEL,1,6.0,2900.0,17400.0,6.0,17400.0,0.0,0.0,0,0,,,,,0.0,0.0,0.0,0.0,0.0,0%,6.0,17400.0,0.0,0,,5000.0,0.0,0.0,,Sin ventas desde compra
MOTS1416,FILTRO ACEITE PULSAR 135,1,3.0,5800.0,17400.0,0.0,0.0,3.0,30000.0,3,3,2024-10-28 10:10:49,2025-07-12 11:50:21,92.8,425.0,0.0,0.0,0.0,0.0,1.0,100%,0.0,0.0,0.0,0,,10000.0,30000.0,12600.0,0.42,Sin stock actual
17647,CUNAS DIRECCION XT2 125(05-13) BALIN AKITA,1,2.0,8500.0,17000.0,0.0,0.0,2.0,29500.0,2,2,2024-09-08 14:34:41,2025-07-05 20:34:09,43.0,432.0,0.0,0.0,0.0,0.0,1.0,100%,0.0,0.0,0.0,0,,14500.0,29500.0,12500.0,0.423728813559322,Sin stock actual
CAD-045,CADENILLA ECO DELUXE HERO,1,2.0,8500.0,17000.0,0.0,0.0,2.0,29500.0,2,2,2024-10-16 17:02:44,2024-10-17 14:57:51,81.1,693.0,0.0,0.0,0.0,0.0,1.0,100%,0.0,0.0,0.0,0,,14500.0,29500.0,12500.0,0.423728813559322,Sin stock actual
DIS - 00007847,DISCOS CLUCTH BOXER UG / AVANT ANANT,1,1.0,17000.0,17000.0,0.0,0.0,1.0,25000.0,1,1,2025-04-21 09:32:17,2025-04-21 09:32:17,267.7,507.0,0.0,0.0,0.0,0.0,1.0,100%,0.0,0.0,0.0,0,,28500.0,25000.0,8000.0,0.32,Sin stock actual
MOTS1125,TAPA VALVULA VARIAS,1,17.0,1000.0,17000.0,13.0,13000.0,4.0,7000.0,2,2,2024-07-29 14:35:06,2025-05-21 15:14:15,2.0,477.0,0.0,0.0,0.0,0.0,0.23529411764705882,1-49%,13.0,13000.0,0.0,0,,2000.0,7000.0,3000.0,0.42857142857142855,"Con stock, sin ventas 365d"
MOTS1111,TORNILLO PATA LATERAL,1,13.0,1300.0,16900.0,8.0,10400.0,5.0,12500.0,5,4,2024-08-18 09:14:51,2025-12-04 11:18:56,21.7,280.0,0.0,0.0,1.0,2500.0,0.38461538461538464,1-49%,8.0,10400.0,0.0,0,,2500.0,12500.0,6000.0,0.48,Rotación baja
MOTS1095,RETEN 20-27-05,1,11.0,1500.0,16500.0,11.0,16500.0,0.0,0.0,0,0,,,,,0.0,0.0,0.0,0.0,0.0,0%,11.0,16500.0,0.0,0,,2500.0,0.0,0.0,,Sin ventas desde compra
MOTS1222,BALINERA 6300 2RS HFR,1,5.0,3300.0,16500.0,0.0,0.0,5.0,26500.0,3,3,2025-01-02 13:51:12,2025-01-21 18:47:46,158.9,597.0,0.0,0.0,0.0,0.0,1.0,100%,0.0,0.0,0.0,0,,5500.0,26500.0,10000.0,0.37735849056603776,Sin stock actual
MOTS1284,DISCOS CLUCTH PULSAR 135 JAPAN,1,1.0,16400.0,16400.0,0.0,0.0,1.0,25000.0,1,1,2024-11-09 17:24:35,2024-11-09 17:24:35,105.1,670.0,0.0,0.0,0.0,0.0,1.0,100%,0.0,0.0,0.0,0,,27500.0,25000.0,8600.0,0.344,Sin stock actual
MOTS1304,CABLE CLUTCH TRENZADO,1,23.0,700.0,16100.0,18.0,12600.0,5.0,7500.0,4,4,2024-08-14 14:26:53,2025-03-13 12:38:22,17.9,546.0,0.0,0.0,0.0,0.0,0.21739130434782608,1-49%,18.0,12600.0,0.0,0,,1500.0,7500.0,4000.0,0.5333333333333333,"Con stock, sin ventas 365d"
10263,BASE MANIGUETA ESPEJO CB110 JAPAN,1,2.0,8000.0,16000.0,1.0,8000.0,1.0,13500.0,1,1,2024-12-21 18:04:31,2024-12-21 18:04:31,147.1,628.0,0.0,0.0,0.0,0.0,0.5,50-79%,1.0,8000.0,0.0,0,,13500.0,13500.0,5500.0,0.4074074074074074,"Con stock, sin ventas 365d"
MOTS1060,RETEN 15-23-3,1,8.0,2000.0,16000.0,8.0,16000.0,0.0,0.0,0,0,,,,,0.0,0.0,0.0,0.0,0.0,0%,8.0,16000.0,0.0,0,,3500.0,0.0,0.0,,Sin ventas desde compra
MOTS1147,DIRECCIONAL BWS LIT FI HUMO TRA - 129 UND VAOX,1,2.0,8000.0,16000.0,0.0,0.0,2.0,28000.0,1,1,2024-08-26 08:49:45,2024-08-26 08:49:45,29.7,745.0,0.0,0.0,0.0,0.0,1.0,100%,0.0,0.0,0.0,0,,14000.0,28000.0,12000.0,0.42857142857142855,Sin stock actual
MOTS1194,SOKE DIRECCIONAL,1,8.0,2000.0,16000.0,5.0,10000.0,3.0,10500.0,3,3,2024-08-31 11:03:27,2025-10-24 08:16:54,34.8,321.0,0.0,0.0,1.0,3500.0,0.375,1-49%,5.0,10000.0,0.0,0,,3500.0,10500.0,4500.0,0.42857142857142855,Rotación baja
MOTS1289,REPOSA PIE TRA FZ  PAR YAMAHA,1,1.0,15900.0,15900.0,1.0,15900.0,1.0,23000.0,1,1,2024-12-23 10:04:30,2024-12-23 10:04:30,148.8,626.0,0.0,0.0,0.0,0.0,1.0,100%,0.0,0.0,1.0,1,2024-08-08,26500.0,23000.0,7100.0,0.30869565217391304,"Con stock, sin ventas 365d"
DIS - 00023105,DISCOS CLUCTH PULSAR 135 ANANT,1,1.0,15300.0,15300.0,1.0,15300.0,0.0,0.0,0,0,,,,,0.0,0.0,0.0,0.0,0.0,0%,1.0,15300.0,0.0,0,,25500.0,0.0,0.0,,Sin ventas desde compra
918080,MANIGUETA IZQ PULSAR 200 NS JAPON,1,2.0,7500.0,15000.0,1.0,7500.0,1.0,12500.0,1,1,2024-08-03 11:36:23,2024-08-03 11:36:23,6.8,768.0,0.0,0.0,0.0,0.0,0.5,50-79%,1.0,7500.0,0.0,0,,12500.0,12500.0,5000.0,0.4,"Con stock, sin ventas 365d"
CAB - 267,GUAYA ACELERADOR ECO DELUXE EVOL,1,2.0,7500.0,15000.0,1.0,7500.0,2.0,25000.0,2,2,2024-08-02 15:11:38,2024-08-11 10:35:33,6.0,760.0,0.0,0.0,0.0,0.0,1.0,100%,0.0,0.0,1.0,1,2024-08-02,12500.0,25000.0,10000.0,0.4,"Con stock, sin ventas 365d"
F6335,GUAYA CLUCTH XT2 125 NKY,1,3.0,5000.0,15000.0,3.0,15000.0,0.0,0.0,0,0,,,,,0.0,0.0,0.0,0.0,0.0,0%,3.0,15000.0,0.0,0,,8500.0,0.0,0.0,,Sin ventas desde compra
MOTS1006,JUEGO CORTA VIENTO YAMAHA BWS ORIGINAL PLASTICO,1,2.0,7500.0,15000.0,0.0,0.0,3.0,37000.0,3,3,2024-08-08 16:25:50,2026-07-02 16:52:00,12.0,70.0,0.0,1.0,2.0,24500.0,1.0,100%,0.0,0.0,1.0,1,2024-10-03,12500.0,24666.666666666668,9666.666666666668,0.39189189189189194,Sin stock actual
MOTS1021,CADENILLA CNT - 25H X 88L 15 NITROX,1,2.0,7500.0,15000.0,2.0,15000.0,0.0,0.0,0,0,,,,,0.0,0.0,0.0,0.0,0.0,0%,2.0,15000.0,0.0,0,,12500.0,0.0,0.0,,Sin ventas desde compra
MOTS1022,CADENILLA CNT - 25H X 84L 15 NITROX,1,2.0,7500.0,15000.0,2.0,15000.0,0.0,0.0,0,0,,,,,0.0,0.0,0.0,0.0,0.0,0%,2.0,15000.0,0.0,0,,12500.0,0.0,0.0,,Sin ventas desde compra
MOTS1043,RETEN 17-40-7,1,5.0,3000.0,15000.0,5.0,15000.0,0.0,0.0,0,0,,,,,0.0,0.0,0.0,0.0,0.0,0%,5.0,15000.0,0.0,0,,5000.0,0.0,0.0,,Sin ventas desde compra
MOTS1047,RETEN 28-40-8,1,5.0,3000.0,15000.0,4.0,12000.0,1.0,5000.0,1,1,2025-12-12 14:16:59,2025-12-12 14:16:59,502.9,272.0,0.0,0.0,1.0,5000.0,0.2,1-49%,4.0,12000.0,0.0,0,,5000.0,5000.0,2000.0,0.4,Rotación baja
MOTS1055,RETEN 26-38-5,1,6.0,2500.0,15000.0,3.0,7500.0,3.0,13000.0,3,3,2025-02-26 10:36:18,2025-12-23 14:34:58,213.8,261.0,0.0,0.0,1.0,4500.0,0.5,50-79%,3.0,7500.0,0.0,0,,4500.0,13000.0,5500.0,0.4230769230769231,Rotación media
MOTS1114,PORTA PLACA ALUMINIO LUJO,1,2.0,7500.0,15000.0,0.0,0.0,2.0,24000.0,2,2,2024-09-09 12:19:20,2024-09-18 09:17:34,43.9,722.0,0.0,0.0,0.0,0.0,1.0,100%,0.0,0.0,0.0,0,,12500.0,24000.0,9000.0,0.375,Sin stock actual
MOTS1208,DISCOS CLUTCH PULSR 135 GENZO,1,1.0,15000.0,15000.0,0.0,0.0,1.0,25000.0,1,1,2025-05-04 11:52:34,2025-05-04 11:52:34,280.8,494.0,0.0,0.0,0.0,0.0,1.0,100%,0.0,0.0,0.0,0,,25000.0,25000.0,10000.0,0.4,Sin stock actual
MOTS1209,DISCOS CLUTCH CB 110 GENZO,1,1.0,15000.0,15000.0,1.0,15000.0,0.0,0.0,0,0,,,,,0.0,0.0,0.0,0.0,0.0,0%,1.0,15000.0,0.0,0,,25000.0,0.0,0.0,,Sin ventas desde compra
MOTS1242,BALINERA 6204 2RS C3 NXT,1,3.0,5000.0,15000.0,0.0,0.0,3.0,25000.0,3,3,2024-10-29 10:44:17,2025-03-15 17:01:35,93.8,544.0,0.0,0.0,0.0,0.0,1.0,100%,0.0,0.0,0.0,0,,8500.0,25000.0,10000.0,0.4,Sin stock actual
MOTS1270,GUAYA ACELERADOR DR 200 SYK,1,1.0,15000.0,15000.0,1.0,15000.0,0.0,0.0,0,0,,,,,0.0,0.0,0.0,0.0,0.0,0%,1.0,15000.0,0.0,0,,20000.0,0.0,0.0,,Sin ventas desde compra
MOTS1300,EMPAQUE TAPA CLUCTH YAMAHA YBR / XT2 / 25 GPP,1,5.0,3000.0,15000.0,3.0,9000.0,4.0,19000.0,4,4,2024-08-17 11:50:12,2025-04-10 17:42:46,20.8,518.0,0.0,0.0,0.0,0.0,0.8,80-99%,1.0,3000.0,2.0,2,2025-11-22,5000.0,19000.0,7000.0,0.3684210526315789,"Con stock, sin ventas 365d"
OYQ 148,EMPAQUE EXOSTO BWS 4T REFORZADO DARROM,1,15.0,1000.0,15000.0,4.0,4000.0,11.0,22000.0,11,11,2024-08-11 10:35:33,2025-02-18 08:20:00,14.8,569.0,0.0,0.0,0.0,0.0,0.7333333333333333,50-79%,4.0,4000.0,0.0,0,,2000.0,22000.0,11000.0,0.5,"Con stock, sin ventas 365d"
MOTS1004,TAPA LATERAL DER - ECO DELUXE CALCOMANIA,1,1.0,14500.0,14500.0,0.0,0.0,1.0,25000.0,1,1,2025-07-27 10:22:21,2025-07-27 10:22:21,364.8,410.0,0.0,0.0,0.0,0.0,1.0,100%,0.0,0.0,0.0,0,,24500.0,25000.0,10500.0,0.42,Sin stock actual
CAU - 159,CAUCHO MANZANA ECO DELUXE MIN DOCTOR MOTOR,1,2.0,7200.0,14400.0,1.0,7200.0,1.0,10000.0,1,1,2025-01-21 15:47:12,2025-01-21 15:47:12,178.0,597.0,0.0,0.0,0.0,0.0,0.5,50-79%,1.0,7200.0,0.0,0,,12000.0,10000.0,2800.0,0.28,"Con stock, sin ventas 365d"
MAN - 003040,MANIGUETA IZQ AX LIT TXS,1,3.0,4800.0,14400.0,3.0,14400.0,0.0,0.0,0,0,,,,,0.0,0.0,0.0,0.0,0.0,0%,3.0,14400.0,0.0,0,,8000.0,0.0,0.0,,Sin ventas desde compra
KIT - 075 032,KIT TIJERA TEFLON GS 125 SYR,1,1.0,14200.0,14200.0,0.0,0.0,1.0,24000.0,1,1,2024-08-12 10:30:55,2024-08-12 10:30:55,15.8,759.0,0.0,0.0,0.0,0.0,1.0,100%,0.0,0.0,0.0,0,,24000.0,24000.0,9800.0,0.4083333333333333,Sin stock actual
203295,GUAYA CLUCTH CD 100 / ECO 1001/ SPLENDOR/ DELUXE YAHASURA,1,2.0,7000.0,14000.0,0.0,0.0,2.0,20000.0,2,2,2024-12-23 16:52:23,2025-04-07 16:46:24,149.1,521.0,0.0,0.0,0.0,0.0,1.0,100%,0.0,0.0,0.0,0,,12000.0,20000.0,6000.0,0.3,Sin stock actual
MOTS1044,RETEN 17-28-7,1,7.0,2000.0,14000.0,7.0,14000.0,0.0,0.0,0,0,,,,,0.0,0.0,0.0,0.0,0.0,0%,7.0,14000.0,0.0,0,,3500.0,0.0,0.0,,Sin ventas desde compra
MOTS1056,RETEN 26-32-5,1,2.0,7000.0,14000.0,2.0,14000.0,0.0,0.0,0,0,,,,,0.0,0.0,0.0,0.0,0.0,0%,2.0,14000.0,0.0,0,,12000.0,0.0,0.0,,Sin ventas desde compra
MOTS1182,MANIGUETA DER XT2 125 ROCHN,1,2.0,7000.0,14000.0,0.0,0.0,2.0,26000.0,2,2,2024-09-19 14:03:44,2026-06-17 11:57:12,53.9,85.0,0.0,1.0,1.0,11000.0,1.0,100%,0.0,0.0,0.0,0,,12000.0,26000.0,12000.0,0.46153846153846156,Sin stock actual
MOTS1185,MANIGUETA IZQ BWS 125 EVOL,1,2.0,7000.0,14000.0,0.0,0.0,2.0,22000.0,2,2,2024-11-06 08:42:55,2025-04-14 09:10:27,101.7,514.0,0.0,0.0,0.0,0.0,1.0,100%,0.0,0.0,0.0,0,,12000.0,22000.0,8000.0,0.36363636363636365,Sin stock actual
MOTS1189,AMPOYECTAS FRENO VARIAS,1,7.0,2000.0,14000.0,5.0,10000.0,2.0,7000.0,2,2,2024-08-02 16:23:56,2024-08-14 08:37:27,6.0,757.0,0.0,0.0,0.0,0.0,0.2857142857142857,1-49%,5.0,10000.0,0.0,0,,3500.0,7000.0,3000.0,0.42857142857142855,"Con stock, sin ventas 365d"
MOTS1228,BALINERA 6002 2PS C3 AFI BEARING,1,4.0,3500.0,14000.0,3.0,10500.0,1.0,6000.0,1,1,2025-03-12 18:15:56,2025-03-12 18:15:56,228.1,547.0,0.0,0.0,0.0,0.0,0.25,1-49%,3.0,10500.0,0.0,0,,6000.0,6000.0,2500.0,0.4166666666666667,"Con stock, sin ventas 365d"
MOTS1264,GUAYA VELOCIMETRO DT 125 / GS 125 FAMA,1,2.0,7000.0,14000.0,2.0,14000.0,0.0,0.0,0,0,,,,,0.0,0.0,0.0,0.0,0.0,0%,2.0,14000.0,0.0,0,,12000.0,0.0,0.0,,Sin ventas desde compra
MOTS1266,GUAYA VELOCIMETRO DT 125 GUAYAS Y PARTES,1,2.0,7000.0,14000.0,2.0,14000.0,0.0,0.0,0,0,,,,,0.0,0.0,0.0,0.0,0.0,0%,2.0,14000.0,0.0,0,,12000.0,0.0,0.0,,Sin ventas desde compra
MOTS1298,MANGUERA GASOLINA MT ORIGINAL,1,28.0,500.0,14000.0,8.0,4000.0,108.0,210000.0,73,60,2024-08-17 11:50:12,2025-06-28 19:23:35,20.8,439.0,0.0,0.0,0.0,0.0,1.0,100%,0.0,0.0,88.0,8,2025-05-27,2000.0,54444.44444444444,40444.44444444444,0.7428571428571428,"Con stock, sin ventas 365d"
KIT - 051069,KIT TIJERA TEFLON ECO 100 SYK,1,1.0,13950.0,13950.0,1.0,13950.0,0.0,0.0,0,0,,,,,0.0,0.0,0.0,0.0,0.0,0%,1.0,13950.0,0.0,0,,23500.0,0.0,0.0,,Sin ventas desde compra
BK1960,DIRECCIONAL PULSAR 135 CLEAR PARA BYWARD,1,1.0,13900.0,13900.0,8.0,111200.0,9.0,126500.0,5,5,2024-10-15 10:33:41,2026-07-28 17:01:54,79.8,44.0,0.0,4.0,8.0,103000.0,1.0,100%,0.0,0.0,16.0,3,2026-08-28,13300.0,14055.555555555555,155.55555555555475,0.011067193675889271,Compra absorbida; stock repuesto
699-FA007,FILTRO ACEITE PULSAR 200 NS GPP,1,3.0,4500.0,13500.0,0.0,0.0,3.0,20000.0,3,3,2024-11-15 11:42:57,2025-01-03 16:52:49,110.8,615.0,0.0,0.0,0.0,0.0,1.0,100%,0.0,0.0,0.0,0,,7500.0,20000.0,6500.0,0.325,Sin stock actual
902638,MANIGUETA DER RX 115 ESP. JAPON,1,3.0,4500.0,13500.0,1.0,4500.0,2.0,15000.0,2,1,2025-05-21 10:10:35,2025-05-21 12:00:29,297.8,477.0,0.0,0.0,0.0,0.0,0.6666666666666666,50-79%,1.0,4500.0,0.0,0,,7500.0,15000.0,6000.0,0.4,"Con stock, sin ventas 365d"
MAN - 000979,MANIGUETA DER RX 135 - 115 JAPON,1,3.0,4500.0,13500.0,3.0,13500.0,0.0,0.0,0,0,,,,,0.0,0.0,0.0,0.0,0.0,0%,3.0,13500.0,0.0,0,,7500.0,0.0,0.0,,Sin ventas desde compra
MOTS1126,TAPA VALVULA TUERCA,1,18.0,750.0,13500.0,18.0,13500.0,0.0,0.0,0,0,,,,,0.0,0.0,0.0,0.0,0.0,0%,18.0,13500.0,0.0,0,,1250.0,0.0,0.0,,Sin ventas desde compra
MOTS1175,ALTPO GASOLINA UNIVERSAL TAPAROJA,1,9.0,1500.0,13500.0,5.0,7500.0,5.0,12000.0,4,4,2024-09-29 09:13:54,2025-07-19 17:38:48,63.7,418.0,0.0,0.0,0.0,0.0,0.5555555555555556,50-79%,4.0,6000.0,1.0,1,2025-07-11,2500.0,12000.0,4500.0,0.375,"Con stock, sin ventas 365d"
MOTS1211,BANDA FRENO TRA  BUJS 125 JAPAN,1,1.0,13500.0,13500.0,0.0,0.0,1.0,19000.0,1,1,2024-09-27 08:08:05,2024-09-27 08:08:05,61.7,713.0,0.0,0.0,0.0,0.0,1.0,100%,0.0,0.0,0.0,0,,22500.0,19000.0,5500.0,0.2894736842105263,Sin stock actual
OYQ 179M,EMPAQUE EXOSTO PULSAR 150 760 / PULSAR 180 06 -200-220,1,9.0,1500.0,13500.0,6.0,9000.0,3.0,8000.0,3,3,2024-10-10 15:29:01,2026-03-21 16:40:32,75.0,173.0,0.0,0.0,1.0,3000.0,0.3333333333333333,1-49%,6.0,9000.0,0.0,0,,2500.0,8000.0,3500.0,0.4375,Rotación baja
MOTS1033,DIRECCIONAL TRAS FZ 20 TRANSPARENTE  SET X2 SYK,1,1.0,13150.0,13150.0,1.0,13150.0,1.0,20000.0,1,1,2024-09-29 09:13:54,2024-09-29 09:13:54,63.7,711.0,0.0,0.0,0.0,0.0,1.0,100%,0.0,0.0,1.0,1,2024-08-08,22000.0,20000.0,6850.0,0.3425,"Con stock, sin ventas 365d"
17119,GUAYA CLUCTH XT2 125 MOTOTEC,1,2.0,6500.0,13000.0,0.0,0.0,2.0,21000.0,2,2,2024-09-03 14:59:52,2024-09-25 16:22:19,38.0,715.0,0.0,0.0,0.0,0.0,1.0,100%,0.0,0.0,0.0,0,,11000.0,21000.0,8000.0,0.38095238095238093,Sin stock actual
19L295E,KIT MEDIO XT2 125 DAIR ROW,1,2.0,6500.0,13000.0,3.0,19500.0,1.0,10000.0,1,1,2025-07-19 12:57:31,2025-07-19 12:57:31,356.9,418.0,0.0,0.0,0.0,0.0,0.5,50-79%,1.0,6500.0,2.0,2,2025-11-22,11000.0,10000.0,3500.0,0.35,"Con stock, sin ventas 365d"
BAN - 053,BANDA FRENO TRA - DT / XT2 YAMAHA,1,1.0,13000.0,13000.0,0.0,0.0,1.0,20000.0,1,1,2026-02-12 08:35:06,2026-02-12 08:35:06,564.7,210.0,0.0,0.0,1.0,20000.0,1.0,100%,0.0,0.0,0.0,0,,22000.0,20000.0,7000.0,0.35,Sin stock actual
MOTS1252,PASTILLAS FRENO BWS X DEL JAPAN,1,1.0,13000.0,13000.0,0.0,0.0,1.0,22000.0,1,1,2024-08-13 15:59:45,2024-08-13 15:59:45,17.0,758.0,0.0,0.0,0.0,0.0,1.0,100%,0.0,0.0,0.0,0,,22000.0,22000.0,9000.0,0.4090909090909091,Sin stock actual
MOTS1315,BOMBILLO DIRECCIONAL 12V DUNA,1,26.0,500.0,13000.0,24.0,12000.0,2.0,2000.0,2,2,2024-10-01 13:55:21,2025-12-03 15:41:00,65.9,281.0,0.0,0.0,1.0,1000.0,0.07692307692307693,1-49%,24.0,12000.0,0.0,0,,1000.0,2000.0,1000.0,0.5,Rotación baja
TAP-004,TAPON CARTER # 10,1,10.0,1300.0,13000.0,9.0,11700.0,1.0,2500.0,1,1,2026-03-28 08:32:38,2026-03-28 08:32:38,608.7,166.0,0.0,0.0,1.0,2500.0,0.1,1-49%,9.0,11700.0,0.0,0,,2500.0,2500.0,1200.0,0.48,Rotación baja
TOR - 4369,TORNILLO BRISTOL 8 X70 TORNIFRENOS,1,16.0,791.0,12656.0,15.0,11865.0,1.0,1500.0,1,1,2025-01-24 15:05:53,2025-01-24 15:05:53,181.0,594.0,0.0,0.0,0.0,0.0,0.0625,1-49%,15.0,11865.0,0.0,0,,1500.0,1500.0,709.0,0.4726666666666667,"Con stock, sin ventas 365d"
51667,NEUMATICO 110/30-17 REEPARTS,1,1.0,12600.0,12600.0,5.0,63000.0,9.0,189300.0,9,9,2025-05-30 16:06:57,2026-05-14 09:25:29,307.0,119.0,0.0,0.0,6.0,127300.0,1.0,100%,0.0,0.0,13.0,3,2026-01-31,23300.0,21033.333333333332,8433.333333333332,0.4009508716323296,Compra absorbida; stock repuesto
MOTS1220,BALINERA 6201 2RS GX MOTOR,1,3.0,4200.0,12600.0,0.0,0.0,3.0,21000.0,3,3,2024-09-08 11:59:36,2025-01-02 10:46:19,42.8,616.0,0.0,0.0,0.0,0.0,1.0,100%,0.0,0.0,0.0,0,,7000.0,21000.0,8400.0,0.4,Sin stock actual
AOEU67799,PORTA FUSIBLE UNIVERSAL VAOX,1,5.0,2500.0,12500.0,0.0,0.0,5.0,22500.0,4,4,2024-11-06 08:42:55,2025-03-12 14:14:47,101.7,547.0,0.0,0.0,0.0,0.0,1.0,100%,0.0,0.0,0.0,0,,4500.0,22500.0,10000.0,0.4444444444444444,Sin stock actual
MOTS1247,PASTILLA FRENO BWS FI DEJ OPP,1,1.0,12500.0,12500.0,-1.0,0.0,2.0,37000.0,2,2,2024-09-05 16:17:28,2025-01-07 10:13:08,40.0,611.0,0.0,0.0,0.0,0.0,1.0,100%,0.0,0.0,0.0,0,,21000.0,18500.0,6000.0,0.32432432432432434,Stock negativo
17158,GUAYA ACELERADOR CB 110 MOTOTEC,1,2.0,6000.0,12000.0,1.0,6000.0,1.0,10000.0,1,1,2024-11-18 07:46:49,2024-11-18 07:46:49,113.7,661.0,0.0,0.0,0.0,0.0,0.5,50-79%,1.0,6000.0,0.0,0,,10000.0,10000.0,4000.0,0.4,"Con stock, sin ventas 365d"
DA2300,GUAYA ACELERADOR PULSAR 200 NS SUPRAPARTS,1,1.0,12000.0,12000.0,0.0,0.0,1.0,20000.0,1,1,2024-08-26 08:13:40,2024-08-26 08:13:40,29.7,745.0,0.0,0.0,0.0,0.0,1.0,100%,0.0,0.0,0.0,0,,20000.0,20000.0,8000.0,0.4,Sin stock actual
FIL - 001018,FILTRO AIRE ECO DELUXE GRAYONES FILTROS,1,3.0,4000.0,12000.0,3.0,12000.0,0.0,0.0,0,0,,,,,0.0,0.0,0.0,0.0,0.0,0%,3.0,12000.0,0.0,0,,7000.0,0.0,0.0,,Sin ventas desde compra
H10798,MEDIDOR ACEITE ECO / EPLENDOR MQP,1,8.0,1500.0,12000.0,1.0,1500.0,7.0,21000.0,7,7,2024-08-24 12:47:17,2026-05-01 12:10:54,27.9,132.0,0.0,0.0,3.0,9000.0,0.875,80-99%,1.0,1500.0,0.0,0,,3000.0,21000.0,10500.0,0.5,Rotación media
MOTS1057,RETEN 20-35-5,1,6.0,2000.0,12000.0,6.0,12000.0,0.0,0.0,0,0,,,,,0.0,0.0,0.0,0.0,0.0,0%,6.0,12000.0,0.0,0,,3500.0,0.0,0.0,,Sin ventas desde compra
MOTS1079,RETEN 65-14-5,1,8.0,1500.0,12000.0,8.0,12000.0,0.0,0.0,0,0,,,,,0.0,0.0,0.0,0.0,0.0,0%,8.0,12000.0,0.0,0,,2500.0,0.0,0.0,,Sin ventas desde compra
MOTS1093,RETEN 11.6-24-10,1,6.0,2000.0,12000.0,0.0,0.0,6.0,18500.0,5,5,2024-11-17 09:39:59,2025-06-20 11:17:51,112.7,447.0,0.0,0.0,0.0,0.0,1.0,100%,0.0,0.0,0.0,0,,3500.0,18500.0,6500.0,0.35135135135135137,Sin stock actual
MOTS1103,RETEN 17-25-4,1,8.0,1500.0,12000.0,8.0,12000.0,0.0,0.0,0,0,,,,,0.0,0.0,0.0,0.0,0.0,0%,8.0,12000.0,0.0,0,,2500.0,0.0,0.0,,Sin ventas desde compra
MOTS1123,PESAS MANUBRIOS NARANJA PAR GAMOTOR,1,1.0,12000.0,12000.0,0.0,0.0,1.0,20000.0,1,1,2024-10-23 17:01:38,2024-10-23 17:01:38,88.1,687.0,0.0,0.0,0.0,0.0,1.0,100%,0.0,0.0,0.0,0,,20000.0,20000.0,8000.0,0.4,Sin stock actual
MOTS1137,PROTECTOR TAPA TANQUE PULSAR ALUMINIO,1,2.0,6000.0,12000.0,2.0,12000.0,0.0,0.0,0,0,,,,,0.0,0.0,0.0,0.0,0.0,0%,2.0,12000.0,0.0,0,,10000.0,0.0,0.0,,Sin ventas desde compra
MOTS1146,DIRECCIONAL AX 100 AMBAR PAR BYWARD,1,1.0,12000.0,12000.0,0.0,0.0,1.0,20000.0,1,1,2024-08-03 08:02:06,2024-08-03 08:02:06,6.7,768.0,0.0,0.0,0.0,0.0,1.0,100%,0.0,0.0,0.0,0,,20000.0,20000.0,8000.0,0.4,Sin stock actual
MOTS1157,CAUCHO POSA PIE TRA- ECO 100 PAR IMBRA,1,4.0,3000.0,12000.0,5.0,15000.0,0.0,0.0,0,0,,,,,0.0,0.0,0.0,0.0,0.0,0%,4.0,12000.0,1.0,1,2025-03-10,5000.0,0.0,0.0,,Sin ventas desde compra
MOTS1165,ESPEJOS SUZUKI OS 125 PAR MULTIPARTES,1,1.0,12000.0,12000.0,0.0,0.0,1.0,28000.0,1,1,2024-07-31 16:09:05,2024-07-31 16:09:05,4.0,771.0,0.0,0.0,0.0,0.0,1.0,100%,0.0,0.0,0.0,0,,28000.0,28000.0,16000.0,0.5714285714285714,Sin stock actual
MOTS1191,MANIQUETA IZQ RX 100 / DT 100 EVOL,1,2.0,6000.0,12000.0,1.0,6000.0,1.0,10000.0,1,1,2024-08-10 16:36:23,2024-08-10 16:36:23,14.0,761.0,0.0,0.0,0.0,0.0,0.5,50-79%,1.0,6000.0,0.0,0,,10000.0,10000.0,4000.0,0.4,"Con stock, sin ventas 365d"
MOTS1255,PASTILLAS FRENO SIN EMPAQUE,1,2.0,6000.0,12000.0,2.0,12000.0,0.0,0.0,0,0,,,,,0.0,0.0,0.0,0.0,0.0,0%,2.0,12000.0,0.0,0,,10000.0,0.0,0.0,,Sin ventas desde compra
MOTS1288,REPOSA PIE SUELTO UND,1,2.0,6000.0,12000.0,1.0,6000.0,1.0,10000.0,1,1,2024-11-15 17:26:29,2024-11-15 17:26:29,111.1,664.0,0.0,0.0,0.0,0.0,0.5,50-79%,1.0,6000.0,0.0,0,,10000.0,10000.0,4000.0,0.4,"Con stock, sin ventas 365d"
MOTS1292,FILTRO AIRE ECO DELUXE SAI,1,3.0,4000.0,12000.0,0.0,0.0,3.0,19000.0,3,3,2024-11-02 11:16:17,2025-02-07 15:59:32,97.8,580.0,0.0,0.0,0.0,0.0,1.0,100%,0.0,0.0,0.0,0,,7000.0,19000.0,7000.0,0.3684210526315789,Sin stock actual
MOTS1313,RETEN PLATINERA ECO DELUXE SIN ETAR H 36 HERO,1,3.0,4000.0,12000.0,0.0,0.0,3.0,20000.0,3,3,2024-08-23 13:40:51,2025-09-18 09:58:15,26.9,357.0,0.0,0.0,1.0,7000.0,1.0,100%,0.0,0.0,0.0,0,,7000.0,20000.0,8000.0,0.4,Sin stock actual
ESC - 050309,ESCOBILLAS ARRANQUE NXR 125 / BROS / CON BASE SYK,1,2.0,5900.0,11800.0,1.0,5900.0,1.0,10000.0,1,1,2025-09-27 15:38:27,2025-09-27 15:38:27,427.0,348.0,0.0,0.0,1.0,10000.0,0.5,50-79%,1.0,5900.0,0.0,0,,10000.0,10000.0,4100.0,0.41,Rotación media
ESP - 035,ESPEJOS BWS ROSCA No. 10 PAR RULY UNCO,1,1.0,11800.0,11800.0,0.0,0.0,1.0,20000.0,1,1,2025-01-29 16:24:30,2025-01-29 16:24:30,186.0,589.0,0.0,0.0,0.0,0.0,1.0,100%,0.0,0.0,0.0,0,,20000.0,20000.0,8200.0,0.41,Sin stock actual
MOTS1301,EMPAQUE TAPA CLUCTH PULSAR 135 EMPAMERICAS,1,5.0,2350.0,11750.0,3.0,7050.0,2.0,7000.0,2,2,2024-11-09 17:24:35,2025-04-10 13:30:14,105.1,518.0,0.0,0.0,0.0,0.0,0.4,1-49%,3.0,7050.0,0.0,0,,4000.0,7000.0,2300.0,0.32857142857142857,"Con stock, sin ventas 365d"
MOTS1278,JUEGO RADIOS 8 X180 NIT ROX,1,1.0,11500.0,11500.0,1.0,11500.0,0.0,0.0,0,0,,,,,0.0,0.0,0.0,0.0,0.0,0%,1.0,11500.0,0.0,0,,19500.0,0.0,0.0,,Sin ventas desde compra
MOTS1279,JUEGO RADIOS 9 X 190 NITROX,1,1.0,11500.0,11500.0,1.0,11500.0,0.0,0.0,0,0,,,,,0.0,0.0,0.0,0.0,0.0,0%,1.0,11500.0,0.0,0,,19500.0,0.0,0.0,,Sin ventas desde compra
4215,TORNILLO FLANGE 6X 75 LLAVE 8 TORNIFRENOS,1,15.0,762.0,11430.0,15.0,11430.0,0.0,0.0,0,0,,,,,0.0,0.0,0.0,0.0,0.0,0%,15.0,11430.0,0.0,0,,1500.0,0.0,0.0,,Sin ventas desde compra
SATAY486,CAPUCHINO BUJIA BWS NEGRO SAI,1,3.0,3800.0,11400.0,0.0,0.0,3.0,18900.0,3,3,2024-08-12 17:28:24,2024-10-20 09:45:46,16.1,690.0,0.0,0.0,0.0,0.0,1.0,100%,0.0,0.0,0.0,0,,7000.0,18900.0,7500.0,0.3968253968253968,Sin stock actual
PIN - 117,PIN RETENEDOR TELESCOPIO EPLENDOR / ECO,1,8.0,1400.0,11200.0,4.0,5600.0,4.0,10000.0,2,2,2025-02-18 14:25:16,2025-07-02 08:53:58,205.9,435.0,0.0,0.0,0.0,0.0,0.5,50-79%,4.0,5600.0,0.0,0,,2500.0,10000.0,4400.0,0.44,"Con stock, sin ventas 365d"
GUA - 055286,GUAYA CLUCTH NFO SYK,1,2.0,5500.0,11000.0,0.0,0.0,2.0,18500.0,2,2,2025-01-03 16:52:49,2025-12-26 10:06:41,160.1,258.0,0.0,0.0,1.0,9000.0,1.0,100%,0.0,0.0,0.0,0,,9500.0,18500.0,7500.0,0.40540540540540543,Sin stock actual
MOTS1106,PIÑON BAMBA ACEITE ECO,1,5.0,2200.0,11000.0,4.0,8800.0,1.0,4000.0,1,1,2024-09-18 11:00:37,2024-09-18 11:00:37,52.8,722.0,0.0,0.0,0.0,0.0,0.2,1-49%,4.0,8800.0,0.0,0,,4000.0,4000.0,1800.0,0.45,"Con stock, sin ventas 365d"
OYQ 180M,EMPAQUE EXOSTO FZ 16 / 52 16 R F2 20 DARROW,1,10.0,1100.0,11000.0,0.0,0.0,10.0,20000.0,10,10,2024-07-29 17:05:55,2024-10-26 09:01:48,2.1,684.0,0.0,0.0,0.0,0.0,1.0,100%,0.0,0.0,0.0,0,,2000.0,20000.0,9000.0,0.45,Sin stock actual
MOTS1028,CAUCHO AMORTIGUADOR BUJE 10 MM,1,7.0,1550.0,10850.0,2.0,3100.0,7.0,21000.0,4,4,2024-09-06 17:03:20,2024-11-18 11:48:02,41.1,661.0,0.0,0.0,0.0,0.0,1.0,100%,0.0,0.0,4.0,1,2024-09-18,3000.0,21000.0,10150.0,0.48333333333333334,"Con stock, sin ventas 365d"
EMP - 0212129,EMPAQUE CILINDRO ECO / C70 / C90 / EPLENDOR DARROW,1,9.0,1200.0,10800.0,8.0,9600.0,1.0,2000.0,1,1,2025-04-29 16:06:15,2025-04-29 16:06:15,276.0,499.0,0.0,0.0,0.0,0.0,0.1111111111111111,1-49%,8.0,9600.0,0.0,0,,2000.0,2000.0,800.0,0.4,"Con stock, sin ventas 365d"
MAN - 06108,MANIGUETA DER AT 125 YAMAHA,1,3.0,3600.0,10800.0,2.0,7200.0,1.0,6000.0,1,1,2025-04-12 08:41:42,2025-04-12 08:41:42,258.7,516.0,0.0,0.0,0.0,0.0,0.3333333333333333,1-49%,2.0,7200.0,0.0,0,,6000.0,6000.0,2400.0,0.4,"Con stock, sin ventas 365d"
MOTS1318,BOMBILLO TABLERO 6V,1,53.0,200.0,10600.0,64.0,12800.0,5.0,2500.0,2,2,2025-09-19 09:34:17,2025-12-15 12:15:06,418.7,269.0,0.0,0.0,5.0,2500.0,0.09433962264150944,1-49%,48.0,9600.0,4.0,1,2025-09-18,500.0,2500.0,1500.0,0.6,Rotación baja
2219,KIT CARBURADOR ECO DELUX KAMOTA,1,1.0,10500.0,10500.0,0.0,0.0,1.0,16000.0,1,1,2026-06-04 10:56:41,2026-06-04 10:56:41,676.8,98.0,0.0,0.0,1.0,16000.0,1.0,100%,0.0,0.0,0.0,0,,17500.0,16000.0,5500.0,0.34375,Sin stock actual
901037,MANIGUETA DER RX/AT100 - 125,1,3.0,3500.0,10500.0,3.0,10500.0,0.0,0.0,0,0,,,,,0.0,0.0,0.0,0.0,0.0,0%,3.0,10500.0,0.0,0,,6000.0,0.0,0.0,,Sin ventas desde compra
MAN - 003045,MANIGUETA DER CA 100 TXS APPROVEN,1,3.0,3500.0,10500.0,0.0,0.0,3.0,18000.0,3,3,2025-04-03 14:44:46,2025-04-23 16:40:22,250.0,505.0,0.0,0.0,0.0,0.0,1.0,100%,0.0,0.0,0.0,0,,6000.0,18000.0,7500.0,0.4166666666666667,Sin stock actual
MOTS1099,RETEN 12-20-5,1,7.0,1500.0,10500.0,7.0,10500.0,0.0,0.0,0,0,,,,,0.0,0.0,0.0,0.0,0.0,0%,7.0,10500.0,0.0,0,,2500.0,0.0,0.0,,Sin ventas desde compra
MOTS1306,FILTRO MALLA ACEITE ECO,1,7.0,1500.0,10500.0,0.0,0.0,7.0,17000.0,7,7,2024-09-16 11:07:35,2024-10-30 12:07:57,50.8,680.0,0.0,0.0,0.0,0.0,1.0,100%,0.0,0.0,0.0,0,,2500.0,17000.0,6500.0,0.38235294117647056,Sin stock actual
MOTS1310,BOMBILLO STOP LED,1,3.0,3500.0,10500.0,0.0,0.0,3.0,17000.0,3,3,2024-09-29 09:13:54,2024-11-30 12:16:26,63.7,649.0,0.0,0.0,0.0,0.0,1.0,100%,0.0,0.0,0.0,0,,6000.0,17000.0,6500.0,0.38235294117647056,Sin stock actual
RET-155,41-53-8/10.5 BARAI,1,4.0,2600.0,10400.0,0.0,0.0,4.0,17000.0,2,2,2024-10-04 18:34:03,2024-10-08 12:53:24,69.1,702.0,0.0,0.0,0.0,0.0,1.0,100%,0.0,0.0,0.0,0,,4500.0,17000.0,6600.0,0.38823529411764707,Sin stock actual
K2016,EMPAQUE TAPA VOLANTE HONDA CB 110 EMP AMERICAS,1,6.0,1700.0,10200.0,3.0,5100.0,3.0,9000.0,3,3,2024-10-08 17:35:40,2025-03-19 13:19:10,73.1,540.0,0.0,0.0,0.0,0.0,0.5,50-79%,3.0,5100.0,0.0,0,,3000.0,9000.0,3900.0,0.43333333333333335,"Con stock, sin ventas 365d"
MOTS1018,CARRIL ACELERADOR BWS,1,6.0,1700.0,10200.0,0.0,0.0,6.0,18000.0,6,6,2024-10-04 13:31:49,2025-07-22 15:51:03,68.9,415.0,0.0,0.0,0.0,0.0,1.0,100%,0.0,0.0,0.0,0,,3000.0,18000.0,7800.0,0.43333333333333335,Sin stock actual
MOTS1124,TAPA VALVULA GRANADA,1,8.0,1260.0,10080.0,3.0,3780.0,5.0,11900.0,4,4,2024-08-15 11:07:00,2026-01-18 09:32:02,18.8,235.0,0.0,0.0,3.0,7500.0,0.625,50-79%,3.0,3780.0,0.0,0,,2500.0,11900.0,5600.0,0.47058823529411764,Rotación media
ESC-025,ESCOBILLAS ARRANQUE CB 110 HONDA,1,2.0,5000.0,10000.0,2.0,10000.0,0.0,0.0,0,0,,,,,0.0,0.0,0.0,0.0,0.0,0%,2.0,10000.0,0.0,0,,8500.0,0.0,0.0,,Sin ventas desde compra
MOTS1162,ESPEJOS BWS ROSCA No. 3 PAR VEKTRA,1,1.0,10000.0,10000.0,1.0,10000.0,0.0,0.0,0,0,,,,,0.0,0.0,0.0,0.0,0.0,0%,1.0,10000.0,0.0,0,,17000.0,0.0,0.0,,Sin ventas desde compra
MOTS1163,ESPEJOS BWS ROSCA No. 10 PAR MODO PITS,1,1.0,10000.0,10000.0,1.0,10000.0,0.0,0.0,0,0,,,,,0.0,0.0,0.0,0.0,0.0,0%,1.0,10000.0,0.0,0,,17000.0,0.0,0.0,,Sin ventas desde compra
MOTS1164,ESPEJOS BWS ROSCA No. 10 PAR RULY UNCO,1,1.0,10000.0,10000.0,0.0,0.0,1.0,20000.0,1,1,2025-11-21 08:21:46,2025-11-21 08:21:46,481.7,293.0,0.0,0.0,1.0,20000.0,1.0,100%,0.0,0.0,0.0,0,,17000.0,20000.0,10000.0,0.5,Sin stock actual
MOTS1281,SELLOS VALVULAS PULSAR 150 CROWN,1,10.0,1000.0,10000.0,6.0,6000.0,4.0,7000.0,2,2,2024-09-23 08:13:31,2025-03-19 13:19:10,57.7,540.0,0.0,0.0,0.0,0.0,0.4,1-49%,6.0,6000.0,0.0,0,,2000.0,7000.0,3000.0,0.42857142857142855,"Con stock, sin ventas 365d"
MOTS1299,EMPAQUE TAPA CLUCTH GN / GS KANUN,1,5.0,2000.0,10000.0,4.0,8000.0,1.0,3500.0,1,1,2024-12-27 10:18:34,2024-12-27 10:18:34,152.8,622.0,0.0,0.0,0.0,0.0,0.2,1-49%,4.0,8000.0,0.0,0,,3500.0,3500.0,1500.0,0.42857142857142855,"Con stock, sin ventas 365d"
TRM - 084,TROMPO STOP COMPLETO DURAX,1,4.0,2500.0,10000.0,0.0,0.0,4.0,18000.0,4,4,2024-08-05 15:08:15,2024-09-26 08:16:04,9.0,714.0,0.0,0.0,0.0,0.0,1.0,100%,0.0,0.0,0.0,0,,4500.0,18000.0,8000.0,0.4444444444444444,Sin stock actual
TOR - 0461,TORNILLO BRISTOL 6 X75 TORNIFRENOS,1,20.0,491.0,9820.0,19.0,9329.0,1.0,1000.0,1,1,2026-01-10 09:54:36,2026-01-10 09:54:36,531.8,243.0,0.0,0.0,1.0,1000.0,0.05,1-49%,19.0,9329.0,0.0,0,,1000.0,1000.0,509.0,0.509,Rotación baja
AH40955,BOMBILLO12 V HS BA 200 DUNA,1,8.0,1200.0,9600.0,11.0,13200.0,7.0,21000.0,7,7,2025-01-11 11:01:54,2026-09-08 10:24:59,167.8,2.0,2.0,2.0,5.0,16000.0,0.875,80-99%,1.0,1200.0,10.0,1,2025-07-01,3100.0,21000.0,12600.0,0.6,Rotación media
MOTS1253,PASTILLAS FRENO A GLITY DEI GPP,1,1.0,9500.0,9500.0,1.0,9500.0,0.0,0.0,0,0,,,,,0.0,0.0,0.0,0.0,0.0,0%,1.0,9500.0,0.0,0,,16000.0,0.0,0.0,,Sin ventas desde compra
TOR - 0459,TORNILLO BRISTOL 6 X65 TORNIFRENOS,1,20.0,466.0,9320.0,17.0,7922.0,2.0,2000.0,2,2,2024-12-12 15:02:27,2025-11-07 17:52:10,138.0,307.0,0.0,0.0,1.0,1000.0,0.1,1-49%,17.0,7922.0,0.0,0,,1000.0,2000.0,1068.0,0.534,Rotación baja
MDR8HAL03,BUJIA BP7HS 54 K,1,1.0,9250.0,9250.0,1.0,9250.0,0.0,0.0,0,0,,,,,0.0,0.0,0.0,0.0,0.0,0%,1.0,9250.0,0.0,0,,15500.0,0.0,0.0,,Sin ventas desde compra
MOTS1073,RETEN 8-14-4,1,4.0,2300.0,9200.0,4.0,9200.0,0.0,0.0,0,0,,,,,0.0,0.0,0.0,0.0,0.0,0%,4.0,9200.0,0.0,0,,4000.0,0.0,0.0,,Sin ventas desde compra
MOTS1174,ALTPO GASOLINA UNIVERSAL BARAI,1,7.0,1300.0,9100.0,3.0,3900.0,4.0,8000.0,3,3,2024-10-07 10:49:16,2025-07-17 15:09:16,71.8,420.0,0.0,0.0,0.0,0.0,0.5714285714285714,50-79%,3.0,3900.0,0.0,0,,2500.0,8000.0,2800.0,0.35,"Con stock, sin ventas 365d"
COM - OQ1,COMANDO DERECHO ECO NEOXAC,1,1.0,9000.0,9000.0,0.0,0.0,1.0,13000.0,1,1,2024-10-21 17:43:12,2024-10-21 17:43:12,86.1,689.0,0.0,0.0,0.0,0.0,1.0,100%,0.0,0.0,0.0,0,,15000.0,13000.0,4000.0,0.3076923076923077,Sin stock actual
FIL - 002059,FILTRO AIRE CB 110 GRAYONES FILTROS,1,2.0,4500.0,9000.0,0.0,0.0,2.0,14500.0,2,2,2024-09-24 08:13:18,2025-01-31 14:54:55,58.7,587.0,0.0,0.0,0.0,0.0,1.0,100%,0.0,0.0,0.0,0,,7500.0,14500.0,5500.0,0.3793103448275862,Sin stock actual
MOTS1059,RETEN 32-43-10,1,3.0,3000.0,9000.0,3.0,9000.0,0.0,0.0,0,0,,,,,0.0,0.0,0.0,0.0,0.0,0%,3.0,9000.0,0.0,0,,5000.0,0.0,0.0,,Sin ventas desde compra
MOTS1078,RETEN 10-21-05,1,6.0,1500.0,9000.0,4.0,6000.0,2.0,5000.0,2,2,2024-11-08 09:37:05,2025-02-03 11:57:21,103.7,584.0,0.0,0.0,0.0,0.0,0.3333333333333333,1-49%,4.0,6000.0,0.0,0,,2500.0,5000.0,2000.0,0.4,"Con stock, sin ventas 365d"
MOTS1089,RETEN 4.8-25-5.5,1,6.0,1500.0,9000.0,4.0,6000.0,2.0,5500.0,2,2,2025-11-26 15:11:24,2026-09-02 14:20:25,487.0,8.0,1.0,1.0,2.0,5500.0,0.3333333333333333,1-49%,4.0,6000.0,0.0,0,,2500.0,5500.0,2500.0,0.45454545454545453,Rotación baja
MOTS1092,RETEN 16-30-8,1,6.0,1500.0,9000.0,3.0,4500.0,3.0,7800.0,3,3,2024-09-16 15:43:51,2025-12-08 10:31:30,51.0,276.0,0.0,0.0,1.0,2800.0,0.5,50-79%,3.0,4500.0,0.0,0,,2500.0,7800.0,3300.0,0.4230769230769231,Rotación media
MOTS1101,RETEN 14-24-5,1,9.0,1000.0,9000.0,5.0,5000.0,4.0,8000.0,3,3,2024-08-09 16:53:15,2026-03-25 14:06:09,13.1,169.0,0.0,0.0,1.0,2000.0,0.4444444444444444,1-49%,5.0,5000.0,0.0,0,,2000.0,8000.0,4000.0,0.5,Rotación baja
MOTS1159,CAUCHO POSA PIE TRA- ECO UND,1,3.0,3000.0,9000.0,0.0,0.0,3.0,15000.0,2,2,2024-08-13 13:52:32,2025-05-18 12:29:52,16.9,480.0,0.0,0.0,0.0,0.0,1.0,100%,0.0,0.0,0.0,0,,5000.0,15000.0,6000.0,0.4,Sin stock actual
MOTS1272,GUAYA VELOCIMETRO ECO SYK,1,3.0,3000.0,9000.0,3.0,9000.0,0.0,0.0,0,0,,,,,0.0,0.0,0.0,0.0,0.0,0%,3.0,9000.0,0.0,0,,5000.0,0.0,0.0,,Sin ventas desde compra
SAIN098,LEVA FRENO TRA - ECO DELUXE GENUINE PART,1,3.0,3000.0,9000.0,0.0,0.0,4.0,19000.0,4,4,2024-11-13 09:16:35,2025-09-18 17:04:11,108.7,357.0,0.0,0.0,1.0,5000.0,1.0,100%,0.0,0.0,1.0,1,2025-02-10,5000.0,14250.0,5250.0,0.3684210526315789,Sin stock actual
MOTS1254,PASTILLAS FRENO BWS X 125 EVOL,1,1.0,8800.0,8800.0,0.0,0.0,1.0,15000.0,1,1,2024-11-06 08:42:55,2024-11-06 08:42:55,101.7,673.0,0.0,0.0,0.0,0.0,1.0,100%,0.0,0.0,0.0,0,,15000.0,15000.0,6200.0,0.41333333333333333,Sin stock actual
MOTS1115,PORTA PLACA PLASTICO NEGRO,1,2.0,4300.0,8600.0,0.0,0.0,2.0,16500.0,2,2,2024-09-17 10:37:19,2024-10-02 09:12:51,51.8,708.0,0.0,0.0,0.0,0.0,1.0,100%,0.0,0.0,0.0,0,,7500.0,16500.0,7900.0,0.47878787878787876,Sin stock actual
MOTS1116,PORTA PLACA PLASTICO ROJO,1,2.0,4300.0,8600.0,0.0,0.0,2.0,14500.0,2,2,2024-11-15 11:42:57,2025-07-14 12:46:28,110.8,423.0,0.0,0.0,0.0,0.0,1.0,100%,0.0,0.0,0.0,0,,7500.0,14500.0,5900.0,0.4068965517241379,Sin stock actual
MOTS1311,TUERCA No. 6,1,172.0,50.0,8600.0,1.0,50.0,172.0,17200.0,81,63,2024-07-29 14:29:52,2025-02-15 11:05:33,2.0,572.0,0.0,0.0,0.0,0.0,1.0,100%,0.0,0.0,1.0,1,2024-11-17,100.0,17200.0,8600.0,0.5,"Con stock, sin ventas 365d"
TOR - 057,TORNILLO GOLOSO,1,33.0,260.0,8580.0,-2.0,0.0,33.0,16500.0,11,10,2024-08-03 12:08:11,2024-10-07 17:37:07,6.9,703.0,0.0,0.0,0.0,0.0,1.0,100%,0.0,0.0,0.0,0,,500.0,16500.0,7920.0,0.48,Stock negativo
MOTS1000,CARENAJE DT BLANCO ORIGINAL PLASTICO,1,1.0,8500.0,8500.0,0.0,0.0,1.0,14500.0,1,1,2024-08-02 16:59:33,2024-08-02 16:59:33,6.1,769.0,0.0,0.0,0.0,0.0,1.0,100%,0.0,0.0,0.0,0,,14500.0,14500.0,6000.0,0.41379310344827586,Sin stock actual
MOTS1001,CARENAJE DT NEGRO ORIGINAL PLASTICO,1,1.0,8500.0,8500.0,0.0,0.0,1.0,14500.0,1,1,2025-02-01 16:38:57,2025-02-01 16:38:57,189.0,586.0,0.0,0.0,0.0,0.0,1.0,100%,0.0,0.0,0.0,0,,14500.0,14500.0,6000.0,0.41379310344827586,Sin stock actual
MOTS1210,BANDA FRENO GS/ GN 125/ AKT EVO / TCS ROKKO,1,1.0,8500.0,8500.0,0.0,0.0,1.0,14500.0,1,1,2025-02-08 18:46:10,2025-02-08 18:46:10,196.1,579.0,0.0,0.0,0.0,0.0,1.0,100%,0.0,0.0,0.0,0,,14500.0,14500.0,6000.0,0.41379310344827586,Sin stock actual
MOTS1294,JUEGO FUELLE UNIVERSAL PAR N -A CAUCHOS MOTOS,1,1.0,8500.0,8500.0,1.0,8500.0,0.0,0.0,0,0,,,,,0.0,0.0,0.0,0.0,0.0,0%,1.0,8500.0,0.0,0,,14500.0,0.0,0.0,,Sin ventas desde compra
AH35435,BOMBILLO 12 V 35 W CLEAR DUNA,1,7.0,1200.0,8400.0,0.0,0.0,7.0,14000.0,3,3,2024-08-23 09:05:03,2025-01-12 13:59:40,26.7,606.0,0.0,0.0,0.0,0.0,1.0,100%,0.0,0.0,0.0,0,,2000.0,14000.0,5600.0,0.4,Sin stock actual
4216,TORNILLO FLANGE 6X 80 LLAVE 8 TORNIFRENOS,1,10.0,829.0,8290.0,7.0,5803.0,3.0,4000.0,2,2,2025-01-04 12:31:30,2025-03-20 08:25:02,160.9,539.0,0.0,0.0,0.0,0.0,0.3,1-49%,7.0,5803.0,0.0,0,,1500.0,4000.0,1513.0,0.37825,"Con stock, sin ventas 365d"
TOR - 9442,TORNILLO ESTRELLA 8 X15 TORNIFRENOS,1,29.0,285.0,8265.0,29.0,8265.0,0.0,0.0,0,0,,,,,0.0,0.0,0.0,0.0,0.0,0%,29.0,8265.0,0.0,0,,500.0,0.0,0.0,,Sin ventas desde compra
MOTS1119,EMPAQUE EJE CULATIN DE 100 / ECO / ART 110,1,9.0,900.0,8100.0,0.0,0.0,9.0,11000.0,4,4,2024-09-26 09:42:09,2024-12-30 18:30:58,60.8,619.0,0.0,0.0,0.0,0.0,1.0,100%,0.0,0.0,0.0,0,,1500.0,11000.0,2900.0,0.2636363636363636,Sin stock actual
TOR - 0472,TORNILLO BRISTOL 8 X60 TORNIFRENOS,2,14.0,573.4285714285714,8028.0,14.0,8028.0,0.0,0.0,0,0,,,,,0.0,0.0,0.0,0.0,0.0,0%,14.0,8028.0,0.0,0,,1500.0,0.0,0.0,,Sin ventas desde compra
MOTS1020,BRAZO TENSOR CADENILLA ECO HERO,1,2.0,4000.0,8000.0,0.0,0.0,2.0,13000.0,2,2,2024-09-26 09:42:09,2024-11-15 11:42:57,60.8,664.0,0.0,0.0,0.0,0.0,1.0,100%,0.0,0.0,0.0,0,,7000.0,13000.0,5000.0,0.38461538461538464,Sin stock actual
MOTS1042,RETEN 20-32-5,1,4.0,2000.0,8000.0,4.0,8000.0,0.0,0.0,0,0,,,,,0.0,0.0,0.0,0.0,0.0,0%,4.0,8000.0,0.0,0,,3500.0,0.0,0.0,,Sin ventas desde compra
MOTS1072,RETEN 16-24-04,1,8.0,1000.0,8000.0,7.0,7000.0,1.0,2000.0,1,1,2024-11-29 17:04:53,2024-11-29 17:04:53,125.1,650.0,0.0,0.0,0.0,0.0,0.125,1-49%,7.0,7000.0,0.0,0,,2000.0,2000.0,1000.0,0.5,"Con stock, sin ventas 365d"
MOTS1108,TERMINAL PLANO (MACHO,1,50.0,160.0,8000.0,20.0,3200.0,42.0,12600.0,13,13,2024-08-09 11:33:54,2026-08-11 15:11:11,12.8,30.0,0.0,9.0,23.0,6900.0,0.84,80-99%,8.0,1280.0,12.0,3,2025-10-12,300.0,12600.0,5880.0,0.4666666666666667,Rotación media
MOTS1148,DIRECCIONAL BWS FI HUMO TRA - FER UND,1,1.0,8000.0,8000.0,6.0,48000.0,1.0,12000.0,1,1,2024-09-28 10:02:29,2024-09-28 10:02:29,62.8,712.0,0.0,0.0,0.0,0.0,1.0,100%,0.0,0.0,6.0,2,2025-02-07,14000.0,12000.0,4000.0,0.3333333333333333,"Con stock, sin ventas 365d"
MOTS1227,BALINERA 6300RRS C3 NXT,1,2.0,4000.0,8000.0,0.0,0.0,2.0,11000.0,1,1,2024-09-27 08:08:05,2024-09-27 08:08:05,61.7,713.0,0.0,0.0,0.0,0.0,1.0,100%,0.0,0.0,0.0,0,,7000.0,11000.0,3000.0,0.2727272727272727,Sin stock actual
MOTS1230,BALINERA 6003 2RS  KML,1,4.0,2000.0,8000.0,0.0,0.0,4.0,10000.0,1,1,2025-02-05 14:20:24,2025-02-05 14:20:24,192.9,582.0,0.0,0.0,0.0,0.0,1.0,100%,0.0,0.0,0.0,0,,3500.0,10000.0,2000.0,0.2,Sin stock actual
MOTS1231,BALINERA 6300 CM KOYO,1,1.0,8000.0,8000.0,0.0,0.0,1.0,13000.0,1,1,2024-11-10 10:19:11,2024-11-10 10:19:11,105.8,669.0,0.0,0.0,0.0,0.0,1.0,100%,0.0,0.0,0.0,0,,13500.0,13000.0,5000.0,0.38461538461538464,Sin stock actual
MOTS1236,BALINERA 6000 ZZCM KOYO,1,2.0,4000.0,8000.0,2.0,8000.0,0.0,0.0,0,0,,,,,0.0,0.0,0.0,0.0,0.0,0%,2.0,8000.0,0.0,0,,7000.0,0.0,0.0,,Sin ventas desde compra
MOTS1280,SELLOS VALVULAS ECO,1,8.0,1000.0,8000.0,2.0,2000.0,8.0,16000.0,3,3,2024-08-05 19:00:06,2024-09-22 12:22:50,9.1,718.0,0.0,0.0,0.0,0.0,1.0,100%,0.0,0.0,2.0,1,2025-01-14,2000.0,16000.0,8000.0,0.5,"Con stock, sin ventas 365d"
MOTS1291,DEFENSA CUADRADA DE POSAPIE IND,1,4.0,2000.0,8000.0,4.0,8000.0,0.0,0.0,0,0,,,,,0.0,0.0,0.0,0.0,0.0,0%,4.0,8000.0,0.0,0,,3500.0,0.0,0.0,,Sin ventas desde compra
P1212,BALINERA 6200 ZZC3 KOYO,1,2.0,4000.0,8000.0,2.0,8000.0,0.0,0.0,0,0,,,,,0.0,0.0,0.0,0.0,0.0,0%,2.0,8000.0,0.0,0,,6000.0,0.0,0.0,,Sin ventas desde compra
MOTS1027,CAUCHO AMORTIGUADOR BUJE 12 MM,1,5.0,1550.0,7750.0,2.0,3100.0,5.0,15000.0,3,3,2024-08-11 10:35:33,2024-11-18 11:48:02,14.8,661.0,0.0,0.0,0.0,0.0,1.0,100%,0.0,0.0,4.0,1,2024-09-18,3000.0,15000.0,7250.0,0.48333333333333334,"Con stock, sin ventas 365d"
CAL - 020,REPOSA PIE TRA XTZ 125 PAR,1,1.0,7700.0,7700.0,0.0,0.0,1.0,13000.0,1,1,2024-07-27 16:36:09,2024-07-27 16:36:09,0.0,775.0,0.0,0.0,0.0,0.0,1.0,100%,0.0,0.0,0.0,0,,13000.0,13000.0,5300.0,0.4076923076923077,Sin stock actual
TOR - 0458,TORNILLO BRISTOL 6 X60 TORNIFRENOS,1,20.0,385.0,7700.0,18.0,6930.0,2.0,1400.0,2,2,2024-11-30 12:16:26,2024-12-12 15:02:27,125.9,637.0,0.0,0.0,0.0,0.0,0.1,1-49%,18.0,6930.0,0.0,0,,700.0,1400.0,630.0,0.45,"Con stock, sin ventas 365d"
TOR - 0460,TORNILLO BRISTOL 6 X70 TORNIFRENOS,1,20.0,382.0,7640.0,20.0,7640.0,1.0,700.0,1,1,2025-11-29 18:55:34,2025-11-29 18:55:34,490.1,285.0,0.0,0.0,1.0,700.0,0.05,1-49%,19.0,7258.0,1.0,1,2025-11-28,700.0,700.0,318.0,0.4542857142857143,Rotación baja
MOTS1036,CUÑAS DE VALVULA,1,19.0,400.0,7600.0,19.0,7600.0,0.0,0.0,0,0,,,,,0.0,0.0,0.0,0.0,0.0,0%,19.0,7600.0,0.0,0,,700.0,0.0,0.0,,Sin ventas desde compra
4213,TORNILLO FLANGE 6X 65 LLAVE 8 TORNIFRENOS,1,11.0,683.0,7513.0,11.0,7513.0,0.0,0.0,0,0,,,,,0.0,0.0,0.0,0.0,0.0,0%,11.0,7513.0,0.0,0,,1500.0,0.0,0.0,,Sin ventas desde compra
D122,"RESTAURADOR PARTES NEGRAS, NEGRO PERFECTO, PISTA",1,1.0,7500.0,7500.0,0.0,0.0,1.0,12000.0,1,1,2024-10-27 12:10:48,2024-10-27 12:10:48,91.9,683.0,0.0,0.0,0.0,0.0,1.0,100%,0.0,0.0,0.0,0,,12500.0,12000.0,4500.0,0.375,Sin stock actual
FIL - 00131,FILTRO AIRE DTK 125 - 175 GRAYONES FILTROS,1,3.0,2500.0,7500.0,2.0,5000.0,1.0,4000.0,1,1,2025-08-15 08:26:17,2025-08-15 08:26:17,383.7,391.0,0.0,0.0,0.0,0.0,0.3333333333333333,1-49%,2.0,5000.0,0.0,0,,4500.0,4000.0,1500.0,0.375,"Con stock, sin ventas 365d"
MOTS1005,JUEGO CORTA VIENTO YAMAHA DT AZUL,1,1.0,7500.0,7500.0,0.0,0.0,1.0,15000.0,1,1,2024-08-31 15:33:56,2024-08-31 15:33:56,35.0,740.0,0.0,0.0,0.0,0.0,1.0,100%,0.0,0.0,0.0,0,,12500.0,15000.0,7500.0,0.5,Sin stock actual
MOTS1007,JUEGO CORTA VIENTO LUJO,1,1.0,7500.0,7500.0,1.0,7500.0,0.0,0.0,0,0,,,,,0.0,0.0,0.0,0.0,0.0,0%,1.0,7500.0,0.0,0,,12500.0,0.0,0.0,,Sin ventas desde compra
MOTS1050,RETEN 20-30-7,1,5.0,1500.0,7500.0,5.0,7500.0,0.0,0.0,0,0,,,,,0.0,0.0,0.0,0.0,0.0,0%,5.0,7500.0,0.0,0,,2500.0,0.0,0.0,,Sin ventas desde compra
MOTS1071,RETEN 29-39-10-5,1,5.0,1500.0,7500.0,5.0,7500.0,0.0,0.0,0,0,,,,,0.0,0.0,0.0,0.0,0.0,0%,5.0,7500.0,0.0,0,,2500.0,0.0,0.0,,Sin ventas desde compra
MOTS1074,RETEN 37-49-8-1-5,1,5.0,1500.0,7500.0,0.0,0.0,5.0,12500.0,3,3,2025-07-08 14:15:18,2025-08-25 16:35:36,345.9,381.0,0.0,0.0,0.0,0.0,1.0,100%,0.0,0.0,0.0,0,,2500.0,12500.0,5000.0,0.4,Sin stock actual
MOTS1083,RETEN 17-25-4 VV MOTOR,1,5.0,1500.0,7500.0,5.0,7500.0,0.0,0.0,0,0,,,,,0.0,0.0,0.0,0.0,0.0,0%,5.0,7500.0,0.0,0,,2500.0,0.0,0.0,,Sin ventas desde compra
MOTS1169,CAUCHO MANZANA ECO/AM 110 / SPLENDOR YAHUSUR,1,1.0,7500.0,7500.0,1.0,7500.0,0.0,0.0,0,0,,,,,0.0,0.0,0.0,0.0,0.0,0%,1.0,7500.0,0.0,0,,12500.0,0.0,0.0,,Sin ventas desde compra
MOTS1282,TAPON CCATER XL - SLR / TORNADO KEYMAN,1,3.0,2500.0,7500.0,3.0,7500.0,0.0,0.0,0,0,,,,,0.0,0.0,0.0,0.0,0.0,0%,3.0,7500.0,0.0,0,,4500.0,0.0,0.0,,Sin ventas desde compra
MOTS1308,BOMBILLO DIRECCIONAL LED ULTRA BRILLANTE PAR MODOPARTS,1,3.0,2500.0,7500.0,0.0,0.0,3.0,13500.0,2,2,2024-09-18 10:44:25,2024-10-16 10:43:58,52.8,694.0,0.0,0.0,0.0,0.0,1.0,100%,0.0,0.0,0.0,0,,4500.0,13500.0,6000.0,0.4444444444444444,Sin stock actual
SAIN284,ESPUMA FILTRO AIRE BWS 125 MEDIA LUNA,1,3.0,2500.0,7500.0,0.0,0.0,3.0,13000.0,3,3,2024-07-30 10:39:11,2025-03-14 19:02:13,2.8,545.0,0.0,0.0,0.0,0.0,1.0,100%,0.0,0.0,0.0,0,,4500.0,13000.0,5500.0,0.4230769230769231,Sin stock actual
TOR - 0409,TORNILLO BRISTOL 6 X55 TORNIFRENOS,1,20.0,358.0,7160.0,16.0,5728.0,4.0,2400.0,1,1,2024-09-19 14:18:20,2024-09-19 14:18:20,53.9,721.0,0.0,0.0,0.0,0.0,0.2,1-49%,16.0,5728.0,0.0,0,,600.0,2400.0,968.0,0.4033333333333333,"Con stock, sin ventas 365d"
2174,TORNILLO HEX 8 X 10  TORNIFRENOS,1,27.0,265.0,7155.0,27.0,7155.0,1.0,500.0,1,1,2025-07-29 18:30:19,2025-07-29 18:30:19,367.1,408.0,0.0,0.0,0.0,0.0,0.037037037037037035,1-49%,26.0,6890.0,1.0,1,2025-07-28,500.0,500.0,235.0,0.47,"Con stock, sin ventas 365d"
203237,GUAYA CLUCTH YAHASURA CB 110,1,1.0,7000.0,7000.0,0.0,0.0,1.0,12000.0,1,1,2024-08-06 10:43:17,2024-08-06 10:43:17,9.8,765.0,0.0,0.0,0.0,0.0,1.0,100%,0.0,0.0,0.0,0,,12000.0,12000.0,5000.0,0.4166666666666667,Sin stock actual
215020,GUAYA ACELERADOR NXR BROS 125 IMBRA,1,1.0,7000.0,7000.0,1.0,7000.0,0.0,0.0,0,0,,,,,0.0,0.0,0.0,0.0,0.0,0%,1.0,7000.0,0.0,0,,12000.0,0.0,0.0,,Sin ventas desde compra
EMP - 05X137,EMPAQUE TAPA VOLANTE HONDA ECO DELUXE DARROW,1,5.0,1400.0,7000.0,3.0,4200.0,2.0,7000.0,2,2,2024-08-21 11:25:09,2026-05-16 10:00:43,24.8,117.0,0.0,0.0,1.0,4000.0,0.4,1-49%,3.0,4200.0,0.0,0,,2500.0,7000.0,4200.0,0.6,Rotación baja
MOTS1011,ACEITE 2T PREMIUN PINTA CAMAR,1,2.0,3500.0,7000.0,0.0,0.0,2.0,12000.0,2,2,2024-10-10 08:55:24,2024-11-10 16:35:54,74.7,669.0,0.0,0.0,0.0,0.0,1.0,100%,0.0,0.0,0.0,0,,6000.0,12000.0,5000.0,0.4166666666666667,Sin stock actual
MOTS1012,ACEITE 20W - 50 4T PINTA CAMAR,1,2.0,3500.0,7000.0,1.0,3500.0,2.0,12000.0,2,2,2024-10-04 15:37:18,2024-10-07 18:18:12,69.0,703.0,0.0,0.0,0.0,0.0,1.0,100%,0.0,0.0,1.0,1,2025-09-25,6000.0,12000.0,5000.0,0.4166666666666667,"Con stock, sin ventas 365d"
MOTS1129,DIRECCIONAL LED ANTI SHOK,1,1.0,7000.0,7000.0,1.0,7000.0,0.0,0.0,0,0,,,,,0.0,0.0,0.0,0.0,0.0,0%,1.0,7000.0,0.0,0,,12000.0,0.0,0.0,,Sin ventas desde compra
MOTS1167,CAUCHO MANZANA YAMAHA LIBERO IMBRA,1,2.0,3500.0,7000.0,1.0,3500.0,2.0,12000.0,2,2,2024-10-31 13:07:27,2025-04-09 08:27:05,95.9,519.0,0.0,0.0,0.0,0.0,1.0,100%,0.0,0.0,1.0,1,2025-04-20,6000.0,12000.0,5000.0,0.4166666666666667,"Con stock, sin ventas 365d"
MOTS1256,GUAYA ACELADOR CABEZA FOSFORO SOLA,1,7.0,1000.0,7000.0,5.0,5000.0,2.0,4000.0,2,2,2025-03-19 09:14:30,2025-12-27 14:24:04,234.7,257.0,0.0,0.0,1.0,2000.0,0.2857142857142857,1-49%,5.0,5000.0,0.0,0,,2000.0,4000.0,2000.0,0.5,Rotación baja
MOTS1259,GUAYA FRENO XL 125 HONDA EVERTTI,1,2.0,3500.0,7000.0,2.0,7000.0,0.0,0.0,0,0,,,,,0.0,0.0,0.0,0.0,0.0,0%,2.0,7000.0,0.0,0,,6000.0,0.0,0.0,,Sin ventas desde compra
MOTS1263,GUAYA VELOCIMETRO XTZ 125 SYK,1,2.0,3500.0,7000.0,1.0,3500.0,1.0,6000.0,1,1,2024-07-28 11:05:04,2024-07-28 11:05:04,0.8,774.0,0.0,0.0,0.0,0.0,0.5,50-79%,1.0,3500.0,0.0,0,,6000.0,6000.0,2500.0,0.4166666666666667,"Con stock, sin ventas 365d"
MOTS1265,GUAYA VELOCIMETRO DT 125,1,1.0,7000.0,7000.0,1.0,7000.0,0.0,0.0,0,0,,,,,0.0,0.0,0.0,0.0,0.0,0%,1.0,7000.0,0.0,0,,12000.0,0.0,0.0,,Sin ventas desde compra
MOTS1274,GUAYA ACELERADOR AKT 110 ESPECIAL,1,1.0,7000.0,7000.0,1.0,7000.0,0.0,0.0,0,0,,,,,0.0,0.0,0.0,0.0,0.0,0%,1.0,7000.0,0.0,0,,12000.0,0.0,0.0,,Sin ventas desde compra
PRO-085,PROTECTOR DE CALZADO ROJO,1,5.0,1400.0,7000.0,0.0,0.0,5.0,11500.0,5,5,2024-08-13 13:52:32,2025-08-03 09:35:51,16.9,403.0,0.0,0.0,0.0,0.0,1.0,100%,0.0,0.0,0.0,0,,2500.0,11500.0,4500.0,0.391304347826087,Sin stock actual
MOTS1017,CARRIL ACELERADOR  ECO,1,4.0,1700.0,6800.0,0.0,0.0,4.0,12000.0,4,4,2024-10-07 17:37:07,2024-11-21 14:23:54,72.1,658.0,0.0,0.0,0.0,0.0,1.0,100%,0.0,0.0,0.0,0,,3000.0,12000.0,5200.0,0.43333333333333335,Sin stock actual
MOTS1120,ARANDELA PIÑON SALIDA ECO 100 TORNFRENOS,1,10.0,680.0,6800.0,4.0,2720.0,6.0,9900.0,6,6,2024-09-26 09:42:09,2025-06-27 08:02:53,60.8,440.0,0.0,0.0,0.0,0.0,0.6,50-79%,4.0,2720.0,0.0,0,,1500.0,9900.0,5820.0,0.5878787878787879,"Con stock, sin ventas 365d"
EMP - 040508,EMPAQUE TAPA CLUCTH FZ 16 SYK,1,3.0,2251.0,6753.0,3.0,6753.0,0.0,0.0,0,0,,,,,0.0,0.0,0.0,0.0,0.0,0%,3.0,6753.0,0.0,0,,4000.0,0.0,0.0,,Sin ventas desde compra
F2018,EMPAQUE TAPA CLUCTH CB 110 GPP,1,5.0,1350.0,6750.0,2.0,2700.0,4.0,10000.0,3,3,2024-12-26 09:58:14,2026-08-03 14:14:42,151.8,38.0,0.0,3.0,3.0,7500.0,0.8,80-99%,1.0,1350.0,1.0,1,2025-04-08,2500.0,10000.0,4600.0,0.46,Rotación media
MOTS1019,AGUJA CARBURADOR CB110,1,3.0,2200.0,6600.0,0.0,0.0,3.0,9000.0,1,1,2024-08-04 12:05:36,2024-08-04 12:05:36,7.9,767.0,0.0,0.0,0.0,0.0,1.0,100%,0.0,0.0,0.0,0,,4000.0,9000.0,2400.0,0.26666666666666666,Sin stock actual
4212,TORNILLO FLANGE 6X 60 LLAVE 8 TORNIFRENOS,1,10.0,655.0,6550.0,110.0,72050.0,0.0,0.0,0,0,,,,,0.0,0.0,0.0,0.0,0.0,0%,10.0,6550.0,100.0,1,2026-03-14,100.0,0.0,0.0,,Sin ventas desde compra
215091,GUAYA ACELERADOR DR 200 IMBRA,1,1.0,6500.0,6500.0,1.0,6500.0,0.0,0.0,0,0,,,,,0.0,0.0,0.0,0.0,0.0,0%,1.0,6500.0,0.0,0,,11000.0,0.0,0.0,,Sin ventas desde compra
MOTS1172,CAUCHO MANZANA ECO / DELUXE / C90 / C70,1,1.0,6500.0,6500.0,0.0,0.0,1.0,9000.0,1,1,2024-11-06 08:42:55,2024-11-06 08:42:55,101.7,673.0,0.0,0.0,0.0,0.0,1.0,100%,0.0,0.0,0.0,0,,11000.0,9000.0,2500.0,0.2777777777777778,Sin stock actual
MOTS1260,GUAYA FRENO NXR 125 BROS SYR,1,1.0,6500.0,6500.0,1.0,6500.0,0.0,0.0,0,0,,,,,0.0,0.0,0.0,0.0,0.0,0%,1.0,6500.0,0.0,0,,11000.0,0.0,0.0,,Sin ventas desde compra
OR-008,ORING 3/16,1,19.0,335.0,6365.0,13.0,4355.0,6.0,3600.0,1,1,2025-03-27 16:18:31,2025-03-27 16:18:31,243.0,532.0,0.0,0.0,0.0,0.0,0.3157894736842105,1-49%,13.0,4355.0,0.0,0,,600.0,3600.0,1590.0,0.44166666666666665,"Con stock, sin ventas 365d"
GUA - 015,GUAYA CLUCTH ECO DELUXE X MOTOS,1,1.0,6300.0,6300.0,0.0,0.0,1.0,10000.0,1,1,2024-11-02 08:14:23,2024-11-02 08:14:23,97.7,677.0,0.0,0.0,0.0,0.0,1.0,100%,0.0,0.0,0.0,0,,10500.0,10000.0,3700.0,0.37,Sin stock actual
MOTS1305,MANGUERA ACEITE METRO,1,10.0,625.0,6250.0,5.0,3125.0,5.0,15500.0,5,5,2024-08-21 16:09:04,2025-03-10 10:51:11,25.0,549.0,0.0,0.0,0.0,0.0,0.5,50-79%,5.0,3125.0,0.0,0,,3500.0,15500.0,12375.0,0.7983870967741935,"Con stock, sin ventas 365d"
4174,TERMINAL ELECTRICA 3/16 (CUERPO PÑO=,1,35.0,175.0,6125.0,8.0,1400.0,28.0,8400.0,18,18,2024-08-02 09:35:20,2025-12-03 11:30:54,5.7,281.0,0.0,0.0,4.0,1200.0,0.8,80-99%,7.0,1225.0,1.0,1,2025-08-28,300.0,8400.0,3500.0,0.4166666666666667,Rotación media
17479,MANIGUETA IZQ BWS 2Q BWS UT MOTO TEC,1,1.0,6000.0,6000.0,0.0,0.0,1.0,10000.0,1,1,2025-09-15 12:06:35,2025-09-15 12:06:35,414.9,360.0,0.0,0.0,1.0,10000.0,1.0,100%,0.0,0.0,0.0,0,,10000.0,10000.0,4000.0,0.4,Sin stock actual
19788,LEVA FRENO TRA - RX 115 / DR 125 / CRYTON MOTOTEL,1,2.0,3000.0,6000.0,0.0,0.0,2.0,10000.0,2,2,2025-01-22 10:26:44,2025-01-23 09:08:53,178.8,595.0,0.0,0.0,0.0,0.0,1.0,100%,0.0,0.0,0.0,0,,5000.0,10000.0,4000.0,0.4,Sin stock actual
MOTS1025,FILTRO ACEITE HONDA TORNADO 250 FACTORY,1,1.0,6000.0,6000.0,1.0,6000.0,0.0,0.0,0,0,,,,,0.0,0.0,0.0,0.0,0.0,0%,1.0,6000.0,0.0,0,,10000.0,0.0,0.0,,Sin ventas desde compra
MOTS1026,CAUCHO AMORTIGUADOR SOLO,1,10.0,600.0,6000.0,0.0,0.0,10.0,15000.0,5,5,2024-08-08 11:48:38,2024-08-31 11:03:27,11.8,740.0,0.0,0.0,0.0,0.0,1.0,100%,0.0,0.0,0.0,0,,1500.0,15000.0,9000.0,0.6,Sin stock actual
MOTS1052,RETEN 22-38-6,1,2.0,3000.0,6000.0,0.0,0.0,2.0,10000.0,2,2,2025-01-21 10:30:09,2025-06-05 11:21:23,177.8,462.0,0.0,0.0,0.0,0.0,1.0,100%,0.0,0.0,0.0,0,,5000.0,10000.0,4000.0,0.4,Sin stock actual
MOTS1102,RETEN 12-18-5,1,3.0,2000.0,6000.0,3.0,6000.0,0.0,0.0,0,0,,,,,0.0,0.0,0.0,0.0,0.0,0%,3.0,6000.0,0.0,0,,3500.0,0.0,0.0,,Sin ventas desde compra
MOTS1104,SWICHE CUADRADO BIMBY,1,4.0,1500.0,6000.0,4.0,6000.0,0.0,0.0,0,0,,,,,0.0,0.0,0.0,0.0,0.0,0%,4.0,6000.0,0.0,0,,2500.0,0.0,0.0,,Sin ventas desde compra
MOTS1134,FUSIBLE MUELA PÑA 20 AM,1,15.0,400.0,6000.0,12.0,4800.0,3.0,1900.0,2,2,2025-07-01 13:17:46,2026-04-04 09:43:16,338.9,159.0,0.0,0.0,2.0,1400.0,0.2,1-49%,12.0,4800.0,0.0,0,,700.0,1900.0,700.0,0.3684210526315789,Rotación baja
MOTS1139,PROTETOR BOMBA FRENO XT2,1,1.0,6000.0,6000.0,0.0,0.0,1.0,7000.0,1,1,2025-02-08 09:11:05,2025-02-08 09:11:05,195.7,579.0,0.0,0.0,0.0,0.0,1.0,100%,0.0,0.0,0.0,0,,10000.0,7000.0,1000.0,0.14285714285714285,Sin stock actual
MOTS1151,DIRECCIONAL ECO HERO HONDA UND,1,1.0,6000.0,6000.0,1.0,6000.0,0.0,0.0,0,0,,,,,0.0,0.0,0.0,0.0,0.0,0%,1.0,6000.0,0.0,0,,10000.0,0.0,0.0,,Sin ventas desde compra
MOTS1153,DIRECCIONAL AX 2T TRANSPARENTE,1,1.0,6000.0,6000.0,0.0,0.0,1.0,10000.0,1,1,2024-08-31 17:59:29,2024-08-31 17:59:29,35.1,740.0,0.0,0.0,0.0,0.0,1.0,100%,0.0,0.0,0.0,0,,10000.0,10000.0,4000.0,0.4,Sin stock actual
MOTS1186,SACA BIKES VARIOS,1,4.0,1500.0,6000.0,4.0,6000.0,0.0,0.0,0,0,,,,,0.0,0.0,0.0,0.0,0.0,0%,4.0,6000.0,0.0,0,,2500.0,0.0,0.0,,Sin ventas desde compra
MOTS1193,SOKE MUELA RUA,1,3.0,2000.0,6000.0,0.0,0.0,3.0,10500.0,3,3,2024-08-07 11:16:47,2024-08-23 12:12:36,10.8,748.0,0.0,0.0,0.0,0.0,1.0,100%,0.0,0.0,0.0,0,,3500.0,10500.0,4500.0,0.42857142857142855,Sin stock actual
MOTS1196,SOKE FAROLA,1,2.0,3000.0,6000.0,0.0,0.0,2.0,10000.0,2,2,2024-12-06 18:03:59,2025-03-13 14:53:35,132.1,546.0,0.0,0.0,0.0,0.0,1.0,100%,0.0,0.0,0.0,0,,5000.0,10000.0,4000.0,0.4,Sin stock actual
MOTS1267,GUAYA ACELERADOR CBF 125 GUALITY,1,1.0,6000.0,6000.0,1.0,6000.0,0.0,0.0,0,0,,,,,0.0,0.0,0.0,0.0,0.0,0%,1.0,6000.0,0.0,0,,10000.0,0.0,0.0,,Sin ventas desde compra
MOTS1277,GUAYA CLUCTH CB 110 SYK,1,2.0,3000.0,6000.0,2.0,6000.0,0.0,0.0,0,0,,,,,0.0,0.0,0.0,0.0,0.0,0%,2.0,6000.0,0.0,0,,9500.0,0.0,0.0,,Sin ventas desde compra
MOTS1317,BOMBILLO TABLERO 12V DUNA,1,20.0,300.0,6000.0,3.0,900.0,17.0,9000.0,6,6,2024-08-07 11:16:47,2024-11-02 08:14:23,10.8,677.0,0.0,0.0,0.0,0.0,0.85,80-99%,3.0,900.0,0.0,0,,500.0,9000.0,3900.0,0.43333333333333335,"Con stock, sin ventas 365d"
REP - 091529,REPOSA PIE TRA CUADRADO CON DEFENSA PAR SYK,1,1.0,6000.0,6000.0,0.0,0.0,1.0,10000.0,1,1,2025-01-25 14:46:50,2025-01-25 14:46:50,182.0,593.0,0.0,0.0,0.0,0.0,1.0,100%,0.0,0.0,0.0,0,,10000.0,10000.0,4000.0,0.4,Sin stock actual
TOR - 0971,TORNILLO BRISTOL 8 X55 TORNIFRENOS,1,12.0,490.0,5880.0,7.0,3430.0,5.0,4500.0,2,2,2024-10-07 14:27:20,2025-06-07 17:18:28,71.9,460.0,0.0,0.0,0.0,0.0,0.4166666666666667,1-49%,7.0,3430.0,0.0,0,,900.0,4500.0,2050.0,0.45555555555555555,"Con stock, sin ventas 365d"
2412,BUJIA BP7ES NGK,1,1.0,5800.0,5800.0,0.0,0.0,1.0,10000.0,1,1,2024-09-08 09:42:55,2024-09-08 09:42:55,42.8,732.0,0.0,0.0,0.0,0.0,1.0,100%,0.0,0.0,0.0,0,,10000.0,10000.0,4200.0,0.42,Sin stock actual
OR-007,ORING 5/32,1,17.0,335.0,5695.0,16.0,5360.0,1.0,600.0,1,1,2024-12-30 15:01:41,2024-12-30 15:01:41,156.0,619.0,0.0,0.0,0.0,0.0,0.058823529411764705,1-49%,16.0,5360.0,0.0,0,,600.0,600.0,265.0,0.44166666666666665,"Con stock, sin ventas 365d"
GUA - 006,CABLE GUAYA TRENZADO ACELERADOR,1,8.0,700.0,5600.0,1.0,700.0,7.0,10500.0,7,7,2024-08-14 14:26:53,2024-12-20 14:44:21,17.9,629.0,0.0,0.0,0.0,0.0,0.875,80-99%,1.0,700.0,0.0,0,,1500.0,10500.0,5600.0,0.5333333333333333,"Con stock, sin ventas 365d"
PRO-087,PROTECTOR DE CALZADO AZUL,1,4.0,1400.0,5600.0,1.0,1400.0,3.0,7000.0,3,3,2024-07-27 16:36:09,2026-03-02 12:23:53,0.0,192.0,0.0,0.0,1.0,2000.0,0.75,50-79%,1.0,1400.0,0.0,0,,2500.0,7000.0,2800.0,0.4,Rotación media
CHA - 067,CHAVETA COLOGA,1,11.0,500.0,5500.0,-2.0,0.0,11.0,9900.0,6,6,2024-08-09 11:10:23,2024-09-25 08:07:42,12.8,715.0,0.0,0.0,0.0,0.0,1.0,100%,0.0,0.0,0.0,0,,900.0,9900.0,4400.0,0.4444444444444444,Stock negativo
FIL - 001036,FILTRO AIRE ECO XTZ 125 GRAYONES FILTROS,1,1.0,5500.0,5500.0,0.0,0.0,1.0,9500.0,1,1,2025-06-12 09:50:10,2025-06-12 09:50:10,319.8,455.0,0.0,0.0,0.0,0.0,1.0,100%,0.0,0.0,0.0,0,,9500.0,9500.0,4000.0,0.42105263157894735,Sin stock actual
MOTS1143,ESPUMA DEFENSA UNIA,1,1.0,5500.0,5500.0,0.0,0.0,1.0,9500.0,1,1,2024-09-19 13:39:36,2024-09-19 13:39:36,53.9,721.0,0.0,0.0,0.0,0.0,1.0,100%,0.0,0.0,0.0,0,,9500.0,9500.0,4000.0,0.42105263157894735,Sin stock actual
MOTS1149,DIRECCIONAL XT2 250 TRANSP UNI,1,1.0,5500.0,5500.0,1.0,5500.0,0.0,0.0,0,0,,,,,0.0,0.0,0.0,0.0,0.0,0%,1.0,5500.0,0.0,0,,9500.0,0.0,0.0,,Sin ventas desde compra
MOTS1184,ESPEJO BWS ROSCA No. 10 IND RUIYON,1,1.0,5500.0,5500.0,0.0,0.0,1.0,9500.0,1,1,2024-09-01 12:39:48,2024-09-01 12:39:48,35.9,739.0,0.0,0.0,0.0,0.0,1.0,100%,0.0,0.0,0.0,0,,9500.0,9500.0,4000.0,0.42105263157894735,Sin stock actual
MOTS1234,BALINERA 6205 C3 KOYO,1,1.0,5500.0,5500.0,0.0,0.0,1.0,9500.0,1,1,2025-03-31 17:23:52,2025-03-31 17:23:52,247.1,528.0,0.0,0.0,0.0,0.0,1.0,100%,0.0,0.0,0.0,0,,9500.0,9500.0,4000.0,0.42105263157894735,Sin stock actual
MOTS1293,FILTRO AIRE PULSAR 200 NS GRAYONES FILTRO,1,1.0,5500.0,5500.0,0.0,0.0,1.0,9500.0,1,1,2025-11-02 10:04:55,2025-11-02 10:04:55,462.8,312.0,0.0,0.0,1.0,9500.0,1.0,100%,0.0,0.0,0.0,0,,9500.0,9500.0,4000.0,0.42105263157894735,Sin stock actual
4211,TORNILLO FLANGE 6X 55 LLAVE 8 TORNIFRENOS,1,9.0,610.0,5490.0,9.0,5490.0,0.0,0.0,0,0,,,,,0.0,0.0,0.0,0.0,0.0,0%,9.0,5490.0,0.0,0,,1500.0,0.0,0.0,,Sin ventas desde compra
MOTS1142,DIRECCIONAL CB 110AMBAR UM,1,1.0,5400.0,5400.0,-2.0,0.0,1.0,9000.0,1,1,2024-09-18 13:24:23,2024-09-18 13:24:23,52.9,722.0,0.0,0.0,0.0,0.0,1.0,100%,0.0,0.0,0.0,0,,9000.0,9000.0,3600.0,0.4,Stock negativo
TER-0086,TERMINAL TUBULAR (HEMBRA),1,78.0,69.0,5382.0,21.0,1449.0,78.0,16200.0,19,17,2024-08-29 08:18:49,2026-07-29 09:15:07,32.7,43.0,0.0,3.0,5.0,1600.0,1.0,100%,0.0,0.0,21.0,4,2025-05-16,200.0,16199.999999999998,10817.999999999998,0.6677777777777777,Compra absorbida; stock repuesto
OR-009,ORING 7/32,1,16.0,335.0,5360.0,16.0,5360.0,0.0,0.0,0,0,,,,,0.0,0.0,0.0,0.0,0.0,0%,16.0,5360.0,0.0,0,,600.0,0.0,0.0,,Sin ventas desde compra
4111,BUJIA BP5HS  NGK,1,1.0,5300.0,5300.0,0.0,0.0,1.0,9000.0,1,1,2024-10-10 18:24:08,2024-10-10 18:24:08,75.1,700.0,0.0,0.0,0.0,0.0,1.0,100%,0.0,0.0,0.0,0,,9000.0,9000.0,3700.0,0.4111111111111111,Sin stock actual
4629,BUJIA C7HSA,1,1.0,5200.0,5200.0,0.0,0.0,1.0,9000.0,1,1,2024-08-04 08:22:28,2024-08-04 08:22:28,7.7,767.0,0.0,0.0,0.0,0.0,1.0,100%,0.0,0.0,0.0,0,,9000.0,9000.0,3800.0,0.4222222222222222,Sin stock actual
TER-0083,TERMINAL ENCHUFE (MACHO),1,68.0,75.0,5100.0,16.0,1200.0,56.0,11200.0,19,19,2024-08-08 09:33:33,2026-07-20 09:19:24,11.7,52.0,0.0,5.0,15.0,3000.0,0.8235294117647058,80-99%,12.0,900.0,4.0,3,2026-01-14,200.0,11200.0,7000.0,0.625,Rotación media
11576,GUAYA CLUCTH GS 125 MOTOTEC,1,1.0,5000.0,5000.0,5.0,25000.0,0.0,0.0,0,0,,,,,0.0,0.0,0.0,0.0,0.0,0%,1.0,5000.0,2.0,1,2024-09-29,8500.0,0.0,0.0,,Sin ventas desde compra
MOTS1109,CANDADO 420,1,10.0,500.0,5000.0,4.0,2000.0,6.0,5600.0,5,5,2026-01-03 08:12:26,2026-08-05 09:52:22,524.7,36.0,0.0,1.0,6.0,5600.0,0.6,50-79%,4.0,2000.0,0.0,0,,900.0,5600.0,2600.0,0.4642857142857143,Rotación media
MOTS1128,MANILAR NEGRO/VERDE SENCILLO,1,1.0,5000.0,5000.0,1.0,5000.0,0.0,0.0,0,0,,,,,0.0,0.0,0.0,0.0,0.0,0%,1.0,5000.0,0.0,0,,8500.0,0.0,0.0,,Sin ventas desde compra
MOTS1150,DIRECCIONAL GN 12 AMBAR UND,1,1.0,5000.0,5000.0,1.0,5000.0,0.0,0.0,0,0,,,,,0.0,0.0,0.0,0.0,0.0,0%,1.0,5000.0,0.0,0,,8500.0,0.0,0.0,,Sin ventas desde compra
MOTS1152,DIRECCIONAL HAYATE UND,1,1.0,5000.0,5000.0,0.0,0.0,1.0,7000.0,1,1,2025-05-26 10:24:08,2025-05-26 10:24:08,302.8,472.0,0.0,0.0,0.0,0.0,1.0,100%,0.0,0.0,0.0,0,,8500.0,7000.0,2000.0,0.2857142857142857,Sin stock actual
MOTS1178,MANIGUETA DER BIZ HONDA MOTO GAS,1,2.0,2500.0,5000.0,1.0,2500.0,1.0,4500.0,1,1,2024-10-23 08:29:16,2024-10-23 08:29:16,87.7,687.0,0.0,0.0,0.0,0.0,0.5,50-79%,1.0,2500.0,0.0,0,,4500.0,4500.0,2000.0,0.4444444444444444,"Con stock, sin ventas 365d"
MOTS1195,SOKE TRICETRA,1,2.0,2500.0,5000.0,0.0,0.0,2.0,9000.0,1,1,2024-09-23 11:55:42,2024-09-23 11:55:42,57.8,717.0,0.0,0.0,0.0,0.0,1.0,100%,0.0,0.0,0.0,0,,4500.0,9000.0,4000.0,0.4444444444444444,Sin stock actual
MOTS1257,GUAYA SOLA CLUCTH 7X7 6X10MM SYK,1,10.0,500.0,5000.0,7.0,3500.0,3.0,3000.0,3,3,2024-10-13 10:29:23,2025-01-23 15:40:38,77.8,595.0,0.0,0.0,0.0,0.0,0.3,1-49%,7.0,3500.0,0.0,0,,1000.0,3000.0,1500.0,0.5,"Con stock, sin ventas 365d"
MOTS1269,GUAYA ACELERADOR XLR GUALITY,1,1.0,5000.0,5000.0,1.0,5000.0,0.0,0.0,0,0,,,,,0.0,0.0,0.0,0.0,0.0,0%,1.0,5000.0,0.0,0,,9000.0,0.0,0.0,,Sin ventas desde compra
MOTS1413,FILTRO DE ACIETE  PULSAR 200,1,1.0,4800.0,4800.0,0.0,0.0,1.0,10000.0,1,1,2024-09-13 14:27:35,2024-09-13 14:27:35,47.9,727.0,0.0,0.0,0.0,0.0,1.0,100%,0.0,0.0,0.0,0,,10000.0,10000.0,5200.0,0.52,Sin stock actual
MOTS1010,LUBRICANTE CADENA CADENAMAX,1,1.0,4700.0,4700.0,0.0,0.0,1.0,8000.0,1,1,2024-08-20 14:44:31,2024-08-20 14:44:31,24.0,751.0,0.0,0.0,0.0,0.0,1.0,100%,0.0,0.0,0.0,0,,8000.0,8000.0,3300.0,0.4125,Sin stock actual
OR-006,ORING 1/8,1,14.0,335.0,4690.0,8.0,2680.0,6.0,3600.0,3,3,2024-11-13 11:59:11,2025-06-26 15:12:14,108.8,441.0,0.0,0.0,0.0,0.0,0.42857142857142855,1-49%,8.0,2680.0,0.0,0,,600.0,3600.0,1590.0,0.44166666666666665,"Con stock, sin ventas 365d"
GUA-051313,GUAYA ACELADOR FZ 20 INYECCION No. 2 SYK,1,1.0,4600.0,4600.0,1.0,4600.0,0.0,0.0,0,0,,,,,0.0,0.0,0.0,0.0,0.0,0%,1.0,4600.0,0.0,0,,8000.0,0.0,0.0,,Sin ventas desde compra
MOTS1219,BALINERA 6203 2RS RODAMAIZ,1,1.0,4600.0,4600.0,0.0,0.0,1.0,8000.0,1,1,2024-09-18 17:19:30,2024-09-18 17:19:30,53.1,722.0,0.0,0.0,0.0,0.0,1.0,100%,0.0,0.0,0.0,0,,8000.0,8000.0,3400.0,0.425,Sin stock actual
4568,TORNILLO HEX 6 x 75 MM CON NUCA,1,18.0,250.0,4500.0,18.0,4500.0,0.0,0.0,0,0,,,,,0.0,0.0,0.0,0.0,0.0,0%,18.0,4500.0,0.0,0,,800.0,0.0,0.0,,Sin ventas desde compra
MOTS1064,RETEN 70-17-05,1,3.0,1500.0,4500.0,3.0,4500.0,0.0,0.0,0,0,,,,,0.0,0.0,0.0,0.0,0.0,0%,3.0,4500.0,0.0,0,,2500.0,0.0,0.0,,Sin ventas desde compra
MOTS1190,MANIGUETA IZQ XT2 125 MOTOTEC,1,1.0,4500.0,4500.0,0.0,0.0,1.0,12000.0,1,1,2024-08-16 12:57:48,2024-08-16 12:57:48,19.9,755.0,0.0,0.0,0.0,0.0,1.0,100%,0.0,0.0,0.0,0,,7500.0,12000.0,7500.0,0.625,Sin stock actual
MOTS1235,BALINERA 6002 RRS KDYD,1,3.0,1500.0,4500.0,3.0,4500.0,0.0,0.0,0,0,,,,,0.0,0.0,0.0,0.0,0.0,0%,3.0,4500.0,0.0,0,,2500.0,0.0,0.0,,Sin ventas desde compra
OYQ 154M,EMPAQUE EXOSTO RX 100 - 115 -125- 135 /DT DARROW,1,5.0,900.0,4500.0,4.0,3600.0,1.0,1500.0,1,1,2026-06-10 14:30:35,2026-06-10 14:30:35,683.0,92.0,0.0,0.0,1.0,1500.0,0.2,1-49%,4.0,3600.0,0.0,0,,1500.0,1500.0,600.0,0.4,Rotación baja
TOR - 0384,TORNILLO UNICO ESTRELLA 6 X35 TORNIFRENOS,1,27.0,163.0,4401.0,23.0,3749.0,4.0,1200.0,1,1,2025-02-04 18:46:52,2025-02-04 18:46:52,192.1,583.0,0.0,0.0,0.0,0.0,0.14814814814814814,1-49%,23.0,3749.0,0.0,0,,300.0,1200.0,548.0,0.45666666666666667,"Con stock, sin ventas 365d"
GRA-035,GRASA ROJA TECSIGRAS,1,1.0,4400.0,4400.0,0.0,0.0,1.0,7500.0,1,1,2024-07-31 14:37:40,2024-07-31 14:37:40,4.0,771.0,0.0,0.0,0.0,0.0,1.0,100%,0.0,0.0,0.0,0,,7500.0,7500.0,3100.0,0.41333333333333333,Sin stock actual
MOTS1239,BALINERA 6303 2RS ORD,1,1.0,4300.0,4300.0,1.0,4300.0,0.0,0.0,0,0,,,,,0.0,0.0,0.0,0.0,0.0,0%,1.0,4300.0,0.0,0,,7500.0,0.0,0.0,,Sin ventas desde compra
PAS-051975,PASTILLAS  FRENO XT2 125 (NUD 17) TH SYK,1,1.0,4300.0,4300.0,0.0,0.0,1.0,7500.0,1,1,2024-07-28 14:07:32,2024-07-28 14:07:32,0.9,774.0,0.0,0.0,0.0,0.0,1.0,100%,0.0,0.0,0.0,0,,7500.0,7500.0,3200.0,0.4266666666666667,Sin stock actual
MOTS1295,FUELLO BWS 100 UND  N.A CAUCHO MOTOS,1,1.0,4250.0,4250.0,0.0,0.0,1.0,7500.0,1,1,2024-12-29 14:10:04,2024-12-29 14:10:04,154.9,620.0,0.0,0.0,0.0,0.0,1.0,100%,0.0,0.0,0.0,0,,7500.0,7500.0,3250.0,0.43333333333333335,Sin stock actual
ESC - 050320,ESCOBILLAS ARRANQUE HONDA CB110 SYK,1,2.0,2100.0,4200.0,1.0,2100.0,1.0,3500.0,1,1,2025-10-30 08:16:03,2025-10-30 08:16:03,459.7,315.0,0.0,0.0,1.0,3500.0,0.5,50-79%,1.0,2100.0,0.0,0,,3500.0,3500.0,1400.0,0.4,Rotación media
PRO-086,PROTECTOR DE CALZADO NEGRO,1,3.0,1400.0,4200.0,0.0,0.0,3.0,7500.0,2,2,2024-09-06 14:56:42,2024-11-21 11:13:21,41.0,658.0,0.0,0.0,0.0,0.0,1.0,100%,0.0,0.0,0.0,0,,2500.0,7500.0,3300.0,0.44,Sin stock actual
TER-0091,TERMINAL TUBOLAR (MACHO,1,60.0,69.0,4140.0,5.0,345.0,60.0,11800.0,17,17,2024-08-29 08:18:49,2025-03-21 14:23:31,32.7,538.0,0.0,0.0,0.0,0.0,1.0,100%,0.0,0.0,5.0,1,2025-02-13,200.0,11800.0,7660.0,0.6491525423728813,"Con stock, sin ventas 365d"
TOR - 0364,TORNILLO ESTRELLA 6 X50 TORNIFRENOS,1,12.0,337.0,4044.0,8.0,2696.0,4.0,2400.0,2,2,2024-12-06 17:09:32,2024-12-20 08:33:58,132.1,629.0,0.0,0.0,0.0,0.0,0.3333333333333333,1-49%,8.0,2696.0,0.0,0,,600.0,2400.0,1052.0,0.43833333333333335,"Con stock, sin ventas 365d"
48316,FILTRO ACEITE XTZ 250 FACTORY,1,1.0,4000.0,4000.0,2.0,8000.0,4.0,34400.0,4,4,2025-01-08 17:45:49,2026-08-21 14:50:48,165.1,20.0,2.0,2.0,2.0,16800.0,1.0,100%,0.0,0.0,5.0,1,2024-10-31,8800.0,8600.0,4600.0,0.5348837209302325,Compra absorbida; stock repuesto
58300,GUAYA ACELERADOR CBF 150 SUPRAPARTS,1,1.0,4000.0,4000.0,0.0,0.0,1.0,7000.0,1,1,2024-10-12 15:24:05,2024-10-12 15:24:05,77.0,698.0,0.0,0.0,0.0,0.0,1.0,100%,0.0,0.0,0.0,0,,7000.0,7000.0,3000.0,0.42857142857142855,Sin stock actual
MOTS1024,FILTRO ACEITE SUZUKI DR 200/300 IMBRA,1,1.0,4000.0,4000.0,0.0,0.0,1.0,7000.0,1,1,2024-10-14 10:10:13,2024-10-14 10:10:13,78.8,696.0,0.0,0.0,0.0,0.0,1.0,100%,0.0,0.0,0.0,0,,7000.0,7000.0,3000.0,0.42857142857142855,Sin stock actual
MOTS1041,RETEN 17-35-5,1,2.0,2000.0,4000.0,2.0,4000.0,0.0,0.0,0,0,,,,,0.0,0.0,0.0,0.0,0.0,0%,2.0,4000.0,0.0,0,,3500.0,0.0,0.0,,Sin ventas desde compra
MOTS1066,RETEN 30-40.5-10-5,1,2.0,2000.0,4000.0,1.0,2000.0,1.0,3500.0,1,1,2024-12-12 16:16:15,2024-12-12 16:16:15,138.0,637.0,0.0,0.0,0.0,0.0,0.5,50-79%,1.0,2000.0,0.0,0,,3500.0,3500.0,1500.0,0.42857142857142855,"Con stock, sin ventas 365d"
MOTS1122,EMBLEMA YAMAHA,1,2.0,2000.0,4000.0,2.0,4000.0,0.0,0.0,0,0,,,,,0.0,0.0,0.0,0.0,0.0,0%,2.0,4000.0,0.0,0,,3500.0,0.0,0.0,,Sin ventas desde compra
MOTS1133,FUSIBLE MUELA PÑA 15 AM,1,10.0,400.0,4000.0,1.0,400.0,9.0,6100.0,7,7,2024-08-11 10:35:33,2026-03-29 12:17:01,14.8,165.0,0.0,0.0,2.0,1200.0,0.9,80-99%,1.0,400.0,0.0,0,,700.0,6100.0,2500.0,0.4098360655737705,Rotación media
MOTS1135,FUSIBLE MUELA GR 20 AM,1,10.0,400.0,4000.0,0.0,0.0,10.0,7000.0,6,5,2024-07-30 14:40:55,2024-12-27 16:54:33,3.0,622.0,0.0,0.0,0.0,0.0,1.0,100%,0.0,0.0,0.0,0,,700.0,7000.0,3000.0,0.42857142857142855,Sin stock actual
MOTS1188,TROMPO STOP TRASERO CON DOBLE TUERCA,1,2.0,2000.0,4000.0,0.0,0.0,2.0,7000.0,2,2,2024-10-26 09:01:48,2024-12-26 12:00:07,90.7,623.0,0.0,0.0,0.0,0.0,1.0,100%,0.0,0.0,0.0,0,,3500.0,7000.0,3000.0,0.42857142857142855,Sin stock actual
MOTS1199,EMPAQUE EXOSTO DT / AX,1,4.0,1000.0,4000.0,0.0,0.0,4.0,8000.0,2,2,2024-08-10 12:35:18,2024-08-12 10:30:55,13.9,759.0,0.0,0.0,0.0,0.0,1.0,100%,0.0,0.0,0.0,0,,2000.0,8000.0,4000.0,0.5,Sin stock actual
MOTS1224,BALINERA 6004 2RS HFK,1,1.0,4000.0,4000.0,1.0,4000.0,0.0,0.0,0,0,,,,,0.0,0.0,0.0,0.0,0.0,0%,1.0,4000.0,0.0,0,,7000.0,0.0,0.0,,Sin ventas desde compra
MOTS1258,GUAYA FRENO SPLENDOR NX6 CD100 DELUXE,1,1.0,4000.0,4000.0,0.0,0.0,1.0,7000.0,1,1,2024-10-03 08:42:58,2024-10-03 08:42:58,67.7,707.0,0.0,0.0,0.0,0.0,1.0,100%,0.0,0.0,0.0,0,,7000.0,7000.0,3000.0,0.42857142857142855,Sin stock actual
MOTS1261,GUAYA FRENO DT YAMAHA EVERESTT,1,1.0,4000.0,4000.0,1.0,4000.0,0.0,0.0,0,0,,,,,0.0,0.0,0.0,0.0,0.0,0%,1.0,4000.0,0.0,0,,7000.0,0.0,0.0,,Sin ventas desde compra
MOTS1276,GUAYA CLUCTH AX100 PAI WESH,1,1.0,4000.0,4000.0,1.0,4000.0,0.0,0.0,0,0,,,,,0.0,0.0,0.0,0.0,0.0,0%,1.0,4000.0,0.0,0,,7000.0,0.0,0.0,,Sin ventas desde compra
MOTS1110,TENSOR GUAYA,1,3.0,1300.0,3900.0,0.0,0.0,3.0,7000.0,3,3,2024-09-05 16:17:28,2025-05-02 18:35:40,40.0,496.0,0.0,0.0,0.0,0.0,1.0,100%,0.0,0.0,0.0,0,,2500.0,7000.0,3100.0,0.44285714285714284,Sin stock actual
TOR - 0362,TORNILLO ESTRELLA 6 X10 TORNIFRENOS,1,17.0,227.0,3859.0,12.0,2724.0,5.0,2000.0,3,3,2024-09-15 12:16:47,2026-01-30 15:01:38,49.9,223.0,0.0,0.0,3.0,1200.0,0.29411764705882354,1-49%,12.0,2724.0,0.0,0,,400.0,2000.0,865.0,0.4325,Rotación baja
619-B,EMPAQUE TAPA CLUCTH PULSAR 200 GPP,1,2.0,1800.0,3600.0,0.0,0.0,2.0,6000.0,2,2,2024-12-20 18:10:01,2025-03-29 15:30:22,146.1,530.0,0.0,0.0,0.0,0.0,1.0,100%,0.0,0.0,0.0,0,,3000.0,6000.0,2400.0,0.4,Sin stock actual
1981,LEVA FRENO TRA - DJ 125 - 175 MOTOTEC,1,1.0,3500.0,3500.0,0.0,0.0,1.0,6000.0,1,1,2025-01-22 10:26:44,2025-01-22 10:26:44,178.8,596.0,0.0,0.0,0.0,0.0,1.0,100%,0.0,0.0,0.0,0,,6000.0,6000.0,2500.0,0.4166666666666667,Sin stock actual
2571,BALINERA 6300 2RS,1,1.0,3500.0,3500.0,0.0,0.0,1.0,6000.0,1,1,2024-10-22 09:02:06,2024-10-22 09:02:06,86.7,688.0,0.0,0.0,0.0,0.0,1.0,100%,0.0,0.0,0.0,0,,6000.0,6000.0,2500.0,0.4166666666666667,Sin stock actual
CAP-US1,CAPUCHON BUJIA ROJO ECO HERO,1,1.0,3500.0,3500.0,0.0,0.0,1.0,6000.0,1,1,2024-09-02 18:17:57,2024-09-02 18:17:57,37.1,738.0,0.0,0.0,0.0,0.0,1.0,100%,0.0,0.0,0.0,0,,6000.0,6000.0,2500.0,0.4166666666666667,Sin stock actual
MOTS1140,COLA GUARDA BARROS DT,1,1.0,3500.0,3500.0,0.0,0.0,1.0,9000.0,1,1,2025-04-30 13:55:33,2025-04-30 13:55:33,276.9,498.0,0.0,0.0,0.0,0.0,1.0,100%,0.0,0.0,0.0,0,,9500.0,9000.0,5500.0,0.6111111111111112,Sin stock actual
MOTS1168,CAUCHO MANZANA YAMAHA V80 RX 115 ALICAUCHOS,1,1.0,3500.0,3500.0,1.0,3500.0,0.0,0.0,0,0,,,,,0.0,0.0,0.0,0.0,0.0,0%,1.0,3500.0,0.0,0,,600.0,0.0,0.0,,Sin ventas desde compra
EMP - 05X141,EMPAQUE TAPA VOLANTE CB 110 / DRAAM NEO DARROW,1,2.0,1700.0,3400.0,0.0,0.0,2.0,6000.0,2,2,2024-10-04 11:13:48,2025-04-29 10:41:53,68.8,499.0,0.0,0.0,0.0,0.0,1.0,100%,0.0,0.0,0.0,0,,3000.0,6000.0,2600.0,0.43333333333333335,Sin stock actual
OR-010,ORING 1/4,1,10.0,335.0,3350.0,0.0,0.0,10.0,6000.0,4,4,2024-12-03 10:19:12,2025-08-08 15:11:03,128.8,398.0,0.0,0.0,0.0,0.0,1.0,100%,0.0,0.0,0.0,0,,600.0,6000.0,2650.0,0.44166666666666665,Sin stock actual
OR-213,ORING 1,1,10.0,335.0,3350.0,7.0,2345.0,3.0,1800.0,3,3,2024-09-23 11:55:42,2025-02-18 08:20:00,57.8,569.0,0.0,0.0,0.0,0.0,0.3,1-49%,7.0,2345.0,0.0,0,,600.0,1800.0,795.0,0.44166666666666665,"Con stock, sin ventas 365d"
4210,TORNILLO FLANGE 6X 50 LLAVE 8 TORNIFRENOS,1,6.0,551.0,3306.0,4.0,2204.0,2.0,2000.0,1,1,2024-08-25 10:39:53,2024-08-25 10:39:53,28.8,746.0,0.0,0.0,0.0,0.0,0.3333333333333333,1-49%,4.0,2204.0,0.0,0,,1000.0,2000.0,898.0,0.449,"Con stock, sin ventas 365d"
MOTS1035,BOMBILLO TABLERO CON SURE 12 V,1,11.0,300.0,3300.0,6.0,1800.0,5.0,2500.0,4,4,2025-06-21 16:56:50,2026-02-08 11:09:09,329.1,214.0,0.0,0.0,4.0,2000.0,0.45454545454545453,1-49%,6.0,1800.0,0.0,0,,500.0,2500.0,1000.0,0.4,Rotación baja
MOTS1117,AMARRA PLASTICA LUS 322 4.8  X 30CM NEGRA,1,78.0,40.0,3120.0,0.0,0.0,78.0,7800.0,11,9,2024-07-27 16:36:09,2024-08-22 12:40:40,0.0,749.0,0.0,0.0,0.0,0.0,1.0,100%,0.0,0.0,0.0,0,,300.0,7800.0,4680.0,0.6,Sin stock actual
ESC - 041573,ESCOBILLASARRANQUE CR 110 / FZ 16 SYK,1,2.0,1550.0,3100.0,0.0,0.0,2.0,6000.0,2,2,2025-06-20 16:14:12,2025-07-02 12:07:42,328.0,435.0,0.0,0.0,0.0,0.0,1.0,100%,0.0,0.0,0.0,0,,3000.0,6000.0,2900.0,0.48333333333333334,Sin stock actual
TOR - 0361,TORNILLO ESTRELLA 6 X35 TORNIFRENOS,1,19.0,163.0,3097.0,14.0,2282.0,5.0,2500.0,3,3,2024-08-27 09:40:56,2025-05-16 12:39:17,30.8,482.0,0.0,0.0,0.0,0.0,0.2631578947368421,1-49%,14.0,2282.0,0.0,0,,500.0,2500.0,1685.0,0.674,"Con stock, sin ventas 365d"
OR-214,ORING 11/16,1,9.0,335.0,3015.0,6.0,2010.0,4.0,2400.0,4,4,2024-10-29 14:28:05,2025-03-20 09:19:38,93.9,539.0,0.0,0.0,0.0,0.0,0.4444444444444444,1-49%,5.0,1675.0,1.0,1,2025-03-19,600.0,2400.0,1060.0,0.44166666666666665,"Con stock, sin ventas 365d"
OR-219,ORING 1.3/8,1,9.0,335.0,3015.0,4.0,1340.0,5.0,2800.0,2,2,2024-10-29 14:28:05,2025-04-30 17:52:07,93.9,498.0,0.0,0.0,0.0,0.0,0.5555555555555556,50-79%,4.0,1340.0,0.0,0,,600.0,2800.0,1125.0,0.4017857142857143,"Con stock, sin ventas 365d"
OR-221,ORING 1.7/16,1,9.0,335.0,3015.0,3.0,1005.0,6.0,3600.0,1,1,2024-10-24 12:04:40,2024-10-24 12:04:40,88.9,686.0,0.0,0.0,0.0,0.0,0.6666666666666666,50-79%,3.0,1005.0,0.0,0,,600.0,3600.0,1590.0,0.44166666666666665,"Con stock, sin ventas 365d"
203162,GUAYA ACELERADOR NXR BROS EVERESTTI,1,1.0,3000.0,3000.0,0.0,0.0,1.0,5000.0,1,1,2024-08-28 17:07:36,2024-08-28 17:07:36,32.1,743.0,0.0,0.0,0.0,0.0,1.0,100%,0.0,0.0,0.0,0,,5000.0,5000.0,2000.0,0.4,Sin stock actual
H17910,GUAYA ACELERADOR HONDA CBF 150 SYK,1,1.0,3000.0,3000.0,1.0,3000.0,0.0,0.0,0,0,,,,,0.0,0.0,0.0,0.0,0.0,0%,1.0,3000.0,0.0,0,,5000.0,0.0,0.0,,Sin ventas desde compra
MOTS1100,RETEN 22-32-5-5,1,2.0,1500.0,3000.0,0.0,0.0,2.0,5000.0,2,2,2024-08-05 17:36:11,2024-10-21 12:30:55,9.1,689.0,0.0,0.0,0.0,0.0,1.0,100%,0.0,0.0,0.0,0,,2500.0,5000.0,2000.0,0.4,Sin stock actual
MOTS1127,TAPA VALVULA CURVA,1,3.0,1000.0,3000.0,0.0,0.0,3.0,10000.0,3,3,2024-08-02 18:59:16,2025-02-18 08:38:47,6.1,569.0,0.0,0.0,0.0,0.0,1.0,100%,0.0,0.0,0.0,0,,4000.0,10000.0,7000.0,0.7,Sin stock actual
MOTS1158,CAUCHO POSA PIE TRA- ECO 100 EVEREST,1,1.0,3000.0,3000.0,0.0,0.0,1.0,5000.0,1,1,2025-02-06 12:10:37,2025-02-06 12:10:37,193.9,581.0,0.0,0.0,0.0,0.0,1.0,100%,0.0,0.0,0.0,0,,5000.0,5000.0,2000.0,0.4,Sin stock actual
MOTS1166,CAUCHO MANZANA RX YAMAHA / CRIPTON T 80,1,1.0,3000.0,3000.0,0.0,0.0,1.0,5000.0,1,1,2024-08-11 10:35:33,2024-08-11 10:35:33,14.8,760.0,0.0,0.0,0.0,0.0,1.0,100%,0.0,0.0,0.0,0,,5000.0,5000.0,2000.0,0.4,Sin stock actual
MOTS1268,GUAYA ACELERADOR NXR BROS SYK,1,1.0,3000.0,3000.0,1.0,3000.0,0.0,0.0,0,0,,,,,0.0,0.0,0.0,0.0,0.0,0%,1.0,3000.0,0.0,0,,5000.0,0.0,0.0,,Sin ventas desde compra
MOTS1275,GUAYA CLUCTH CB 110 GUALITY,1,1.0,3000.0,3000.0,1.0,3000.0,0.0,0.0,0,0,,,,,0.0,0.0,0.0,0.0,0.0,0%,1.0,3000.0,0.0,0,,9000.0,0.0,0.0,,Sin ventas desde compra
MOTS1132,WASA PRESION 70MM TORNIFRENOS,1,63.0,42.0,2646.0,59.0,2478.0,7.0,700.0,4,4,2024-10-22 09:02:06,2026-09-01 11:58:27,86.7,9.0,1.0,1.0,2.0,200.0,0.1111111111111111,1-49%,56.0,2352.0,3.0,3,2025-07-11,100.0,700.0,406.0,0.58,Rotación baja
60289,GUAYA ACELERADOR BEST 125 GUAYAS Y PARTES,1,1.0,2500.0,2500.0,0.0,0.0,1.0,4500.0,1,1,2024-08-20 15:25:55,2024-08-20 15:25:55,24.0,751.0,0.0,0.0,0.0,0.0,1.0,100%,0.0,0.0,0.0,0,,4500.0,4500.0,2000.0,0.4444444444444444,Sin stock actual
EMP - 01P192,EMPAQUE TAPA CLUCTH PULSAR 200 NS  AS200 DARROW,1,1.0,2500.0,2500.0,0.0,0.0,1.0,4500.0,1,1,2024-08-14 08:37:27,2024-08-14 08:37:27,17.7,757.0,0.0,0.0,0.0,0.0,1.0,100%,0.0,0.0,0.0,0,,4500.0,4500.0,2000.0,0.4444444444444444,Sin stock actual
EMP - 05X060,EMP TAPA VOLANTE AKT 110/ ATK 125 FLEX/BIZ WAVE/ ECO DARROW,1,2.0,1250.0,2500.0,1.0,1250.0,2.0,5000.0,2,2,2024-12-09 11:10:48,2025-04-09 15:34:49,134.8,519.0,0.0,0.0,0.0,0.0,1.0,100%,0.0,0.0,1.0,1,2025-02-27,2500.0,5000.0,2500.0,0.5,"Con stock, sin ventas 365d"
MOTS1069,RETEN 30-42-10-5,1,1.0,2500.0,2500.0,2.0,5000.0,1.0,4500.0,1,1,2024-10-08 12:53:24,2024-10-08 12:53:24,72.9,702.0,0.0,0.0,0.0,0.0,1.0,100%,0.0,0.0,2.0,1,2024-11-21,4500.0,4500.0,2000.0,0.4444444444444444,"Con stock, sin ventas 365d"
MOTS1271,GUAYA ACELERADOR BEST 125 REINF,1,1.0,2500.0,2500.0,0.0,0.0,1.0,5000.0,1,1,2025-04-24 16:53:49,2025-04-24 16:53:49,271.1,504.0,0.0,0.0,0.0,0.0,1.0,100%,0.0,0.0,0.0,0,,4500.0,5000.0,2500.0,0.5,Sin stock actual
MOTS1314,RESORTE VARILLA FRENO UNIVERSAL,1,5.0,500.0,2500.0,0.0,0.0,5.0,12500.0,5,5,2024-08-04 13:43:59,2024-09-15 09:26:23,7.9,725.0,0.0,0.0,0.0,0.0,1.0,100%,0.0,0.0,0.0,0,,2000.0,12500.0,10000.0,0.8,Sin stock actual
OR-212,ORING 16/16,1,7.0,335.0,2345.0,4.0,1340.0,4.0,2400.0,4,4,2024-10-29 14:28:05,2025-09-19 13:03:21,93.9,356.0,0.0,0.0,1.0,600.0,0.5714285714285714,50-79%,3.0,1005.0,1.0,1,2025-03-08,600.0,2400.0,1060.0,0.44166666666666665,Rotación media
OR-222,ORING 1.1/2,1,7.0,335.0,2345.0,6.0,2010.0,1.0,600.0,1,1,2025-02-01 08:19:29,2025-02-01 08:19:29,188.7,586.0,0.0,0.0,0.0,0.0,0.14285714285714285,1-49%,6.0,2010.0,0.0,0,,600.0,600.0,265.0,0.44166666666666665,"Con stock, sin ventas 365d"
OR-327,ORING 1.3/4,1,7.0,335.0,2345.0,7.0,2345.0,0.0,0.0,0,0,,,,,0.0,0.0,0.0,0.0,0.0,0%,7.0,2345.0,0.0,0,,600.0,0.0,0.0,,Sin ventas desde compra
EMP - 026398,EMPAQUE TAPA CLUCTH PULSAR 180 / 200 SYK,1,1.0,2192.0,2192.0,1.0,2192.0,1.0,4000.0,1,1,2025-05-10 19:43:45,2025-05-10 19:43:45,287.2,488.0,0.0,0.0,0.0,0.0,1.0,100%,0.0,0.0,1.0,1,2025-05-10,4000.0,4000.0,1808.0,0.452,"Con stock, sin ventas 365d"
EMP - 01P174,EMPAQUE TAPA CLUCTH XTZ 250 - YBR 250 DARROW,1,1.0,2150.0,2150.0,0.0,0.0,1.0,4000.0,1,1,2025-06-17 18:20:14,2025-06-17 18:20:14,325.1,450.0,0.0,0.0,0.0,0.0,1.0,100%,0.0,0.0,0.0,0,,4000.0,4000.0,1850.0,0.4625,Sin stock actual
OR-210,ORING 13/16,1,6.0,335.0,2010.0,1.0,335.0,5.0,3000.0,1,1,2024-10-29 14:28:05,2024-10-29 14:28:05,93.9,681.0,0.0,0.0,0.0,0.0,0.8333333333333334,80-99%,1.0,335.0,0.0,0,,600.0,3000.0,1325.0,0.44166666666666665,"Con stock, sin ventas 365d"
OR-211,ORING 7/8,1,6.0,335.0,2010.0,4.0,1340.0,2.0,1200.0,2,2,2025-01-27 16:26:49,2025-02-18 08:20:00,184.0,569.0,0.0,0.0,0.0,0.0,0.3333333333333333,1-49%,4.0,1340.0,0.0,0,,600.0,1200.0,530.0,0.44166666666666665,"Con stock, sin ventas 365d"
OR-218,ORING 1.5/16,1,6.0,335.0,2010.0,6.0,2010.0,0.0,0.0,0,0,,,,,0.0,0.0,0.0,0.0,0.0,0%,6.0,2010.0,0.0,0,,600.0,0.0,0.0,,Sin ventas desde compra
OR-326,ORING 1.5/8,1,6.0,335.0,2010.0,6.0,2010.0,0.0,0.0,0,0,,,,,0.0,0.0,0.0,0.0,0.0,0%,6.0,2010.0,0.0,0,,600.0,0.0,0.0,,Sin ventas desde compra
CAB - 036462,CABLE SEGURO SILLIN B12 GUAYAS Y PARTES,1,1.0,2000.0,2000.0,1.0,2000.0,0.0,0.0,0,0,,,,,0.0,0.0,0.0,0.0,0.0,0%,1.0,2000.0,0.0,0,,3500.0,0.0,0.0,,Sin ventas desde compra
EMP - 037666,EMPAQUE EXOSTO TOP BOY SYK,1,2.0,1000.0,2000.0,2.0,2000.0,0.0,0.0,0,0,,,,,0.0,0.0,0.0,0.0,0.0,0%,2.0,2000.0,0.0,0,,2000.0,0.0,0.0,,Sin ventas desde compra
EMP - 037948,EMPAQUE EXOSTO PULSAR 180 / PULSAR 200 SYK,1,2.0,1000.0,2000.0,1.0,1000.0,1.0,2000.0,1,1,2026-06-04 11:16:38,2026-06-04 11:16:38,676.8,98.0,0.0,0.0,1.0,2000.0,0.5,50-79%,1.0,1000.0,0.0,0,,2000.0,2000.0,1000.0,0.5,Rotación media
MOTS1118,PINES NEGRO TAPA,1,20.0,100.0,2000.0,201.0,20100.0,154.0,72400.0,44,40,2024-08-02 16:59:33,2026-09-01 11:58:27,6.1,9.0,14.0,16.0,49.0,28300.0,1.0,100%,0.0,0.0,336.0,8,2026-03-03,700.0,9402.597402597403,7402.597402597403,0.787292817679558,Compra absorbida; stock repuesto
MOTS1160,CAUCHO POSA PIE DER HAYATE UND,1,1.0,2000.0,2000.0,1.0,2000.0,0.0,0.0,0,0,,,,,0.0,0.0,0.0,0.0,0.0,0%,1.0,2000.0,0.0,0,,3500.0,0.0,0.0,,Sin ventas desde compra
MOTS1316,BOMBILLO FARULA 1 PATA,1,4.0,500.0,2000.0,0.0,0.0,4.0,4000.0,2,2,2024-10-07 18:00:13,2024-10-23 16:31:56,72.1,687.0,0.0,0.0,0.0,0.0,1.0,100%,0.0,0.0,0.0,0,,1000.0,4000.0,2000.0,0.5,Sin stock actual
OYQ 153M,EMPAQUE EXOSTO BOXER DARROW,1,2.0,1000.0,2000.0,0.0,0.0,2.0,4000.0,2,2,2024-07-30 16:49:20,2024-12-16 13:29:19,3.0,633.0,0.0,0.0,0.0,0.0,1.0,100%,0.0,0.0,0.0,0,,2000.0,4000.0,2000.0,0.5,Sin stock actual
MOTS1130,CHAVETA SENCILLA,1,9.0,200.0,1800.0,0.0,0.0,9.0,3600.0,7,7,2024-08-03 16:20:04,2025-07-07 09:27:59,7.0,430.0,0.0,0.0,0.0,0.0,1.0,100%,0.0,0.0,0.0,0,,400.0,3600.0,1800.0,0.5,Sin stock actual
MOTS1187,RESORTE STOP TROMPO UNIVERSAL,1,6.0,300.0,1800.0,1.0,300.0,6.0,3000.0,6,6,2024-08-13 15:59:45,2025-04-11 17:03:15,17.0,517.0,0.0,0.0,0.0,0.0,1.0,100%,0.0,0.0,1.0,1,2025-04-08,500.0,3000.0,1200.0,0.4,"Con stock, sin ventas 365d"
TEN-025,GUARDA BARROS NEGRO UNIVERSAL,1,1.0,1800.0,1800.0,0.0,0.0,1.0,30000.0,1,1,2024-08-04 09:13:34,2024-08-04 09:13:34,7.7,767.0,0.0,0.0,0.0,0.0,1.0,100%,0.0,0.0,0.0,0,,30000.0,30000.0,28200.0,0.94,Sin stock actual
2061,WASA PRESION 8MM TORNIFRENOS,1,55.0,32.0,1760.0,36.0,1152.0,23.0,2300.0,11,11,2024-08-31 14:21:32,2026-02-22 12:18:22,34.9,200.0,0.0,0.0,6.0,600.0,0.41818181818181815,1-49%,32.0,1024.0,4.0,3,2025-10-12,100.0,2300.0,1564.0,0.68,Rotación baja
OR-215,ORING 11/8,1,5.0,335.0,1675.0,4.0,1340.0,1.0,600.0,1,1,2025-02-18 08:20:00,2025-02-18 08:20:00,205.7,569.0,0.0,0.0,0.0,0.0,0.2,1-49%,4.0,1340.0,0.0,0,,600.0,600.0,265.0,0.44166666666666665,"Con stock, sin ventas 365d"
OR-217,ORING 1.1/4,1,5.0,335.0,1675.0,0.0,0.0,5.0,3000.0,5,5,2024-08-20 08:15:56,2025-01-24 17:04:27,23.7,594.0,0.0,0.0,0.0,0.0,1.0,100%,0.0,0.0,0.0,0,,600.0,3000.0,1325.0,0.44166666666666665,Sin stock actual
5061B1,EMPAQUE TAPA CLUCTH DISCOVER 135 GPP,1,1.0,1650.0,1650.0,1.0,1650.0,0.0,0.0,0,0,,,,,0.0,0.0,0.0,0.0,0.0,0%,1.0,1650.0,0.0,0,,3000.0,0.0,0.0,,Sin ventas desde compra
MOTS1144,REFLETOR ROJO REDONDO,1,1.0,1500.0,1500.0,0.0,0.0,1.0,2500.0,1,1,2024-09-07 14:13:16,2024-09-07 14:13:16,41.9,733.0,0.0,0.0,0.0,0.0,1.0,100%,0.0,0.0,0.0,0,,2500.0,2500.0,1000.0,0.4,Sin stock actual
MOTS1229,BALINERA 60032RS C3 KML,1,1.0,1500.0,1500.0,0.0,0.0,1.0,2500.0,1,1,2025-02-05 14:20:24,2025-02-05 14:20:24,192.9,582.0,0.0,0.0,0.0,0.0,1.0,100%,0.0,0.0,0.0,0,,2500.0,2500.0,1000.0,0.4,Sin stock actual
2059,WASA PRESION 6MM TORNIFRENOS,1,70.0,21.0,1470.0,36.0,756.0,50.0,5000.0,24,24,2024-08-02 11:59:15,2026-07-09 12:04:28,5.8,63.0,0.0,4.0,18.0,1800.0,0.7142857142857143,50-79%,20.0,420.0,16.0,8,2025-12-10,100.0,5000.0,3950.0,0.79,Rotación media
TOR - 0408,TORNILLO BRISTOL 6 X50 TORNIFRENOS,1,4.0,350.0,1400.0,2.0,700.0,2.0,1000.0,1,1,2024-11-20 10:13:30,2024-11-20 10:13:30,115.8,659.0,0.0,0.0,0.0,0.0,0.5,50-79%,2.0,700.0,0.0,0,,600.0,1000.0,300.0,0.3,"Con stock, sin ventas 365d"
TOR - 0379,TORNILLO UNICO ESTRELLA 6 X10 TORNIFRENOS,1,19.0,73.0,1387.0,17.0,1241.0,2.0,400.0,1,1,2025-02-22 14:16:40,2025-02-22 14:16:40,209.9,565.0,0.0,0.0,0.0,0.0,0.10526315789473684,1-49%,17.0,1241.0,0.0,0,,200.0,400.0,254.0,0.635,"Con stock, sin ventas 365d"
OR-216,ORING 13/16,1,4.0,335.0,1340.0,1.0,335.0,3.0,1800.0,3,3,2024-08-31 14:21:32,2025-08-01 14:03:57,34.9,405.0,0.0,0.0,0.0,0.0,0.75,50-79%,1.0,335.0,0.0,0,,600.0,1800.0,795.0,0.44166666666666665,"Con stock, sin ventas 365d"
4556,TORNILLO HEX 8X55 CON NUCA  TORNIFRENOS,1,5.0,260.0,1300.0,1.0,260.0,4.0,2000.0,3,3,2024-09-13 15:34:46,2025-11-27 12:45:32,48.0,287.0,0.0,0.0,1.0,500.0,0.8,80-99%,1.0,260.0,0.0,0,,500.0,2000.0,960.0,0.48,Rotación media
766709,EMPAQUE EXOSTO AKY TTR DARROW,1,1.0,1200.0,1200.0,0.0,0.0,1.0,2000.0,1,1,2024-10-22 09:02:06,2024-10-22 09:02:06,86.7,688.0,0.0,0.0,0.0,0.0,1.0,100%,0.0,0.0,0.0,0,,2000.0,2000.0,800.0,0.4,Sin stock actual
AH36885,BOMBILLO PS P15 D 25 - 1 12 V SUPER WHITHE DUNA,1,1.0,1200.0,1200.0,0.0,0.0,1.0,5000.0,1,1,2024-09-21 11:14:12,2024-09-21 11:14:12,55.8,719.0,0.0,0.0,0.0,0.0,1.0,100%,0.0,0.0,0.0,0,,2000.0,5000.0,3800.0,0.76,Sin stock actual
AH730302,BOMBILLO HS PR 225 12 V SUPER WHITHE DUNA,1,1.0,1200.0,1200.0,1.0,1200.0,0.0,0.0,0,0,,,,,0.0,0.0,0.0,0.0,0.0,0%,1.0,1200.0,0.0,0,,2000.0,0.0,0.0,,Sin ventas desde compra
OR-111,ORING 5/8,1,3.0,335.0,1005.0,3.0,1005.0,0.0,0.0,0,0,,,,,0.0,0.0,0.0,0.0,0.0,0%,3.0,1005.0,0.0,0,,600.0,0.0,0.0,,Sin ventas desde compra
OR-325,ORING 1.1/2,1,3.0,335.0,1005.0,3.0,1005.0,0.0,0.0,0,0,,,,,0.0,0.0,0.0,0.0,0.0,0%,3.0,1005.0,0.0,0,,600.0,0.0,0.0,,Sin ventas desde compra
MOTS1200,EMPAQUE EXOSTO BWS MOTOTEC,1,1.0,1000.0,1000.0,0.0,0.0,1.0,2000.0,1,1,2025-05-15 09:48:41,2025-05-15 09:48:41,291.8,483.0,0.0,0.0,0.0,0.0,1.0,100%,0.0,0.0,0.0,0,,2000.0,2000.0,1000.0,0.5,Sin stock actual
MOTS1131,WASA PRESION 14MM TORNIFRENOS,1,19.0,49.0,931.0,19.0,931.0,0.0,0.0,0,0,,,,,0.0,0.0,0.0,0.0,0.0,0%,19.0,931.0,0.0,0,,100.0,0.0,0.0,,Sin ventas desde compra
EMP - 007549,EMPAQUE EXOSTO BOXER / VIVAX / BAST SYK,1,1.0,800.0,800.0,-2.0,0.0,3.0,4500.0,2,2,2024-08-02 11:09:14,2024-10-31 09:18:32,5.8,679.0,0.0,0.0,0.0,0.0,1.0,100%,0.0,0.0,0.0,0,,1500.0,1500.0,700.0,0.4666666666666667,Stock negativo
OR-116,ORING 3/4,1,2.0,335.0,670.0,0.0,0.0,2.0,1200.0,2,2,2024-08-29 08:48:42,2024-10-29 14:28:05,32.7,681.0,0.0,0.0,0.0,0.0,1.0,100%,0.0,0.0,0.0,0,,600.0,1200.0,530.0,0.44166666666666665,Sin stock actual
TOR - 0360,TORNILLO ESTRELLA 6 X30 TORNIFRENOS,1,4.0,146.0,584.0,4.0,584.0,0.0,0.0,0,0,,,,,0.0,0.0,0.0,0.0,0.0,0%,4.0,584.0,0.0,0,,500.0,0.0,0.0,,Sin ventas desde compra
TOR - 0356,TORNILLO ESTRELLA 6 X10 TORNIFRENOS,1,2.0,142.0,284.0,0.0,0.0,2.0,600.0,1,1,2025-05-07 15:10:04,2025-05-07 15:10:04,284.0,491.0,0.0,0.0,0.0,0.0,1.0,100%,0.0,0.0,0.0,0,,30.0,600.0,316.0,0.5266666666666666,Sin stock actual
